id,domain,status,purchase_price,renewal_price,attractiveness,demand,length,registrar,created_at,expires_at,status_verified_at
2e24950a-dcec-426f-9172-7b5edc9fe310,passbook.science,premium,448,53.92,high,low,8,namesilo,,,22/09/2026 02:44
4c88d859-968f-49ef-ac06-1efffa16f48a,anglian.science,available,11.99,11.99,high,low,7,namesilo,,,19/09/2026 06:48
67adc1de-52cb-4ab6-a10c-3634620f304e,end.science,premium,640,77.35,high,low,3,namesilo,,,19/09/2026 15:33
65f021fe-8366-4121-9c4b-8f877b48f659,aftertaste.science,available,11.99,11.99,high,low,10,namesilo,,,17/09/2026 15:52
aa2ae6a8-904e-44b5-a031-297ed0204ab7,ninth.science,available,11.99,11.99,high,low,5,namesilo,,,
89e771ab-cdbf-492b-bf22-406d7ead6c6a,streaming.science,premium,6900,116,high,low,9,namesilo,,,24/09/2026 02:31
56f2dd58-9d5e-41a8-9183-e8ef405a5c26,balkans.science,available,12.98,16.98,medium,low,7,namecheap,,,21/09/2026 22:15
8ec5d5c6-fd5c-4510-98d8-9a5060a3a8fc,collateral.science,available,11.99,11.99,high,low,10,namesilo,,,12/08/2026 16:42
3883824c-ea33-4872-89c9-b32eb2424ee2,murmured.science,available,11.99,11.99,medium,low,8,namesilo,,,18/09/2026 02:23
d0a15550-b1c7-4e5f-9aae-49c28608f217,viscid.science,available,11.99,11.99,medium,low,6,namesilo,,,20/08/2026 15:23
ac994107-3b24-4458-8a1d-f84fc6823445,amnesiac.science,available,12.98,16.98,medium,low,8,namecheap,,,
12cb9632-794e-4371-8477-42f8e1483eb9,gomez.science,available,11.99,11.99,high,low,5,namesilo,,,25/09/2026 16:06
ec9b5a0a-0fcd-49bc-92c8-5dbf29d6a395,fling.science,available,11.99,11.99,high,low,5,namesilo,,,
2d5e0dbb-1141-4ecd-8d77-ab40d9509f96,bacchus.science,premium,448,53.92,high,low,7,namesilo,,,21/09/2026 14:02
f65baf7b-d0ba-4c71-8a7c-dab1aa9de235,agnostical.science,available,12.98,16.98,medium,low,10,namecheap,,,
f71f5c4e-e408-4ec7-83f5-1ba880eb513c,malefic.science,available,11.99,11.99,medium,low,7,namesilo,,,24/08/2026 13:50
bbd76770-4cab-4768-86d3-6a8da5e6b32c,outlaw.science,premium,3450,116,high,low,6,namesilo,,,24/09/2026 01:45
27c791c9-1d05-4158-be06-a2bb3da15a7f,sedative.science,premium,3450,116,high,low,8,namesilo,,,22/09/2026 10:55
a575a2de-aa44-4402-93dd-37e919fee8c5,mousy.science,available,11.99,11.99,medium,low,5,namesilo,,,25/08/2026 08:42
4ceec9af-9dd1-4a1c-b342-e65d6ae0b483,stormbound.science,available,12.98,16.98,low,low,10,namecheap,,,10/09/2026 21:22
d0911a6e-e049-4e02-960d-bf8ca9724d34,moneymakers.science,available,12.98,16.98,medium,low,11,namecheap,,,20/09/2026 18:20
e7085759-ef32-4336-972d-a4fc745fbcfb,aired.science,available,11.99,11.99,high,low,5,namesilo,,,
67f53171-faa4-4234-b297-79b336fbc333,costal.science,available,11.99,11.99,high,low,6,namesilo,,,13/08/2026 03:04
d80b7b41-3167-490d-b07e-361d68cdb162,operatic.science,available,11.99,11.99,high,low,8,namesilo,,,04/09/2026 16:24
e4ced930-63f3-4ed4-a59e-3a9ca7b9b47c,pelvic.science,available,11.99,11.99,high,low,6,namesilo,,,08/09/2026 13:42
152a5b32-63b5-467a-b76b-0633e8f5cb57,bent.science,available,11.99,11.99,medium,low,4,namesilo,,,09/08/2026 14:16
0fb531c6-4cfc-46ff-aed8-a09a347288f3,devote.science,premium,625,,high,low,6,name.com,,,
e249a150-20f0-4d47-9c2f-fec18d01fce3,duly.science,available,11.99,11.99,high,low,4,namesilo,,,14/09/2026 14:47
3051c497-ceec-41c0-ba2d-daf95a85d87d,lifelessly.science,available,34.99,37.99,low,low,10,name.com,,,13/08/2026 19:35
69d17288-4dad-4460-aa80-1ab1883a4f4b,dastard.science,available,34.99,37.99,medium,low,7,name.com,,,13/08/2026 18:32
f97a9297-c7bb-45c1-8778-d89d1f16ddfd,intact.science,premium,625,81.25,high,low,6,name.com,,,22/08/2026 07:49
a3d9c2fa-5dca-45fe-8ed0-348f229c3db8,ferguson.science,available,12.98,16.98,high,low,8,namecheap,,,25/09/2026 17:55
831debb0-3c3d-4391-b3c5-25890d5d4185,cortical.science,premium,437.5,62.5,medium,low,8,name.com,,,13/08/2026 02:35
918f10f2-97a4-4a4c-901c-e701bc280f7d,rarified.science,available,11.99,11.99,medium,low,8,namesilo,,,17/08/2026 15:46
439634df-b9c9-4662-ba57-9c9d8782c0b2,amass.science,premium,437.5,62.5,high,low,5,name.com,,,12/08/2026 16:53
8c65570b-b501-43f6-bd06-2557134e40bf,dutiful.science,available,11.99,11.99,high,low,7,namesilo,,,14/08/2026 21:39
665e9c53-2e5b-4c7b-8682-bbb2a55e80fe,dispersed.science,available,11.99,11.99,medium,low,9,namesilo,,,14/08/2026 11:56
782f8e20-06e4-4837-b259-0e97375e5e02,capture.science,premium,3450,116,high,low,7,namesilo,,,24/09/2026 12:42
0be0a92f-8888-42ae-adf8-a4cafdf9e9c6,derriere.science,available,11.99,11.99,low,low,8,namesilo,,,09/08/2026 11:55
93613c7f-46d8-4e12-a859-5af8df0a1892,rocambole.science,available,11.99,11.99,medium,low,9,namesilo,,,18/09/2026 11:33
9c747a83-7289-4e52-a35b-6f21fd007dec,leaders.science,premium,6250,,high,low,7,name.com,,,
6604a990-c9a5-4019-ac51-d55b2e512cf3,aranyaka.science,available,11.99,11.99,medium,low,8,namesilo,,,20/09/2026 00:08
f902cb64-1767-4b6a-9902-44a7fdba5cd6,embryonic.science,available,11.99,11.99,medium,low,9,namesilo,,,16/08/2026 13:28
3dcff9cf-ae00-4c85-a3c3-bb3eb27a008b,justification.science,premium,1107,116,medium,low,13,namesilo,,,
a50edc0c-82f0-4607-b7ed-4e398e796837,withdrawn.science,premium,116,29.5,medium,low,9,namesilo,,,22/08/2026 03:25
3f5369e5-0ea0-4dfb-9a1d-c194ec82aa75,letting.science,available,11.99,11.99,high,low,7,namesilo,,,09/09/2026 14:21
be4b38d8-0870-41ff-9788-d8fc103eec42,dickens.science,premium,625,,high,low,7,name.com,,,
8b3bd315-59c0-45da-a9ed-18169e3b29b1,caesarean.science,available,11.99,11.99,medium,low,9,namesilo,,,11/08/2026 13:05
984e68c6-58f0-44ce-99bd-b37f20734a53,designs.science,premium,640,77.35,high,low,7,namesilo,,,23/09/2026 12:02
277e767f-4988-45fe-9c17-ece68acc97ec,abortus.science,available,11.99,11.99,medium,low,7,namesilo,,,16/09/2026 16:40
570893c1-0cfa-4a58-a257-981fb50e885b,bourgeois.science,available,11.99,11.99,high,medium,9,namesilo,,,10/08/2026 22:45
5430f822-47ca-4794-bd72-a6e26b260890,plainly.science,premium,1300,130,high,low,7,namecheap,,,08/09/2026 20:28
f1d92cdb-5d03-4325-bf07-44a2448bc4bb,argonon.science,available,11.99,11.99,medium,low,7,namesilo,,,20/09/2026 04:42
c1de68a0-b5b4-4315-ae2e-345a6dfa4ae3,anxiety.science,premium,640,77.35,high,low,7,namesilo,,,19/09/2026 15:59
3dbdf002-eb50-4363-8aef-ed7add83b69e,candied.science,available,11.99,11.99,high,low,7,namesilo,,,11/08/2026 16:48
d8488bff-5dfb-41d8-8e62-ec280f2e1e00,nitrous.science,available,11.99,11.99,high,low,7,namesilo,,,08/08/2026 03:03
8e645d16-6c66-4fca-b3ea-b216b8f11f73,eyed.science,available,12.98,16.98,high,low,4,namecheap,,,17/08/2026 20:00
71f668f0-9682-4ae8-b073-2cce873870c1,stolen.science,premium,448,53.92,high,low,6,namesilo,,,26/09/2026 00:36
78fea7e7-ac24-4b93-97ff-1746e4a19947,homing.science,available,11.99,11.99,medium,low,6,namesilo,,,21/08/2026 12:35
67bef47b-ee9d-45b0-a494-53d5bacbfe5b,stagy.science,available,12.98,16.98,medium,low,5,namecheap,,,10/09/2026 18:04
ae9cdda8-704f-4e34-bbef-07a3ef735c80,isosceles.science,premium,437.5,62.5,high,low,9,name.com,,,22/08/2026 11:16
6e7e0326-18e1-4c4e-a9e8-f8190ad658a7,stereo.science,premium,1300,130,high,low,6,namecheap,,,10/09/2026 20:09
9dfdd37b-d96f-4c08-a8dd-72f76579f93e,guilt.science,premium,1250,,high,low,5,name.com,,,
5f56295f-5883-4e92-a5ec-8f73211bd819,testicle.science,available,12.98,16.98,high,low,8,namecheap,,,21/09/2026 22:59
633638f6-ccf8-44c4-9e8b-607fd3ec6f5a,germanic.science,available,11.99,11.99,high,low,8,namesilo,,,18/08/2026 22:46
9948f994-f985-4e82-8ab5-fabe32250a55,dreaming.science,premium,1107,116,high,low,8,namesilo,,,24/09/2026 23:58
207a2791-7f56-440d-adc8-98e78a50248b,billhook.science,available,11.99,11.99,medium,low,8,namesilo,,,23/09/2026 16:21
0aa156d1-ffbb-458f-9137-6b57836cb32c,shady.science,premium,3125,125,high,low,5,name.com,,,18/08/2026 09:37
f182a2d6-ef92-4983-b12e-5b28295c861d,included.science,premium,116,29.5,high,low,8,namesilo,,,22/08/2026 01:33
9a016029-8bfe-41dd-a0c3-b480530bafe0,theocratic.science,available,11.99,11.99,medium,low,10,namesilo,,,11/09/2026 12:52
c42a76de-5bb6-4821-a05b-d6614296f4ef,candy.science,premium,640,77.35,high,medium,5,namesilo,,,25/09/2026 22:17
c447e05e-0abe-4776-aa98-274f4d6862cf,armlet.science,available,12.98,16.98,medium,low,6,namecheap,,,20/09/2026 06:20
06cd4ecb-5602-4118-8fd0-c86035bf1736,floodlit.science,available,11.99,11.99,medium,low,8,namesilo,,,18/08/2026 08:47
d8d58b64-c797-4986-8352-24bc92717e59,reaction.science,premium,3125,125,high,low,8,name.com,,,24/09/2026 14:16
5e770b1d-d6a4-4c69-ae0b-9e6ba895af60,airbus.science,premium,448,53.92,high,medium,6,namesilo,,,17/09/2026 23:02
2b2277ee-eddf-4f70-9296-fdd4f27fb2e8,spiteful.science,premium,625,81.25,medium,low,8,name.com,,,14/08/2026 04:20
6e532cb0-f1ab-418c-b182-edbb7971aba9,compile.science,available,11.99,11.99,high,low,7,namesilo,,,08/09/2026 09:16
f23ab8e1-a3cc-4375-ac5a-baa212cf9231,lightless.science,available,11.99,11.99,medium,low,9,namesilo,,,23/08/2026 04:36
e02920e8-aa02-443f-a113-665866f90a5d,farmstand.science,premium,437.5,,high,low,10,name.com,,,
27df4748-4557-47e3-97a9-11523eda838e,afresh.science,premium,455,65,medium,low,6,namecheap,,,13/09/2026 18:01
e4f5a41a-ec3a-48c0-840c-86571455a05a,bitchy.science,premium,625,81.25,medium,low,6,name.com,,,10/08/2026 07:17
9081ed79-f62e-47ee-a9a3-03357165728f,attilio.science,available,11.99,11.99,high,low,7,namesilo,,,21/09/2026 01:49
76ef0da7-1d0f-47ff-836f-2bae3327462e,sse.science,premium,640,77.35,high,low,3,namesilo,,,16/09/2026 05:18
8b3af53e-0b6d-4d11-86ce-939c96fcc46c,reads.science,available,11.99,11.99,high,low,5,namesilo,,,19/09/2026 00:45
9a870fe8-5594-4cf0-8422-49e50204ff88,druggist.science,available,12.98,16.98,high,low,8,namecheap,,,19/09/2026 19:38
24f0dd27-c22f-4416-9e94-566c65868787,denise.science,available,12.98,16.98,high,low,6,namecheap,,,25/09/2026 14:19
c38d109a-32f5-439b-9e90-9550e0366514,charleston.science,available,11.99,11.99,high,low,10,namesilo,,,
e3698da0-d715-4342-bf7a-0d3d3fbc5d32,curtly.science,available,11.99,11.99,medium,low,6,namesilo,,,14/09/2026 10:10
b8c03afa-d044-41b5-85e1-1119d410de06,anabatic.science,available,11.99,11.99,medium,low,8,namesilo,,,
e896868c-b276-48a7-9192-807db220fb25,astuteness.science,available,12.98,16.98,high,low,10,namecheap,,,20/09/2026 18:21
de2d4291-7478-4b2f-9ee5-521167780386,abnormalcy.science,available,11.99,11.99,medium,low,10,namesilo,,,16/09/2026 16:19
91a50d5c-370a-45d2-896c-74037ef0a84c,nostalgic.science,premium,1107,116,high,low,9,namesilo,,,03/09/2026 21:59
e29c0137-62b4-423c-bcb1-2de0712a06df,palliative.science,available,11.99,11.99,high,low,10,namesilo,,,
18ca2e90-7bf6-4978-b9c6-e501cdc466b1,beaujolais.science,premium,448,53.92,high,low,10,namesilo,,,22/09/2026 22:13
0b56b08d-f525-4f9c-b3c1-24138708182d,musically.science,premium,448,53.92,high,low,9,namesilo,,,15/09/2026 15:43
9e09824f-aca6-4c56-befe-27e41a3ef6bc,notecase.science,available,11.99,11.99,medium,low,8,namesilo,,,23/09/2026 16:18
bae4fabb-7c99-4e76-8cc8-42caee57936b,argyll.science,premium,116,29.5,medium,low,6,namesilo,,,20/09/2026 04:56
fed5682c-4e39-4f54-b23b-7347b776291b,skipjack.science,premium,455,65,medium,low,8,namecheap,,,20/09/2026 21:35
20f1df12-6fd4-437c-bd72-026a3d196ff9,verboten.science,premium,437.5,62.5,medium,low,8,name.com,,,18/08/2026 11:06
55d45458-4640-46e9-9400-70d653433227,headless.science,premium,625,81.25,medium,low,8,name.com,,,11/08/2026 01:43
e839d749-3798-47a2-b057-6390a04cde19,experient.science,premium,437.5,62.5,medium,low,9,name.com,,,17/08/2026 18:12
f65cc4a8-6397-499d-8c52-7da669a7591a,admit.science,premium,116,29.5,high,low,5,namesilo,,,26/09/2026 00:34
f026ec3d-487c-4370-a86c-9d7e852da232,sophie.science,available,11.99,11.99,high,low,6,namesilo,,,25/09/2026 11:44
28c5b010-04aa-4ca7-9c6b-7d32ed2f54d0,cleanup.science,premium,1107,116,high,low,7,namesilo,,,12/08/2026 10:26
2b2a089b-3823-4406-90b9-593cfaf00153,militant.science,premium,125,37.99,high,low,8,name.com,,,
8d99260e-a71a-485d-b9d5-5c340b7181b0,upward.science,premium,625,,high,low,6,name.com,,,
7ed6cc37-51fd-4085-9f0d-48281e890e8f,bavarian.science,premium,437.5,62.5,medium,low,8,name.com,,,09/08/2026 02:00
9a82298f-ca87-46fd-b0d5-136812c2daa6,enable.science,premium,3125,,high,low,6,name.com,,,
a1c0af7d-7db2-4199-9498-0b77f9ab86b3,inka.science,available,11.99,11.99,medium,low,4,namesilo,,,22/08/2026 00:48
afb2d88b-bc91-4090-8f8a-8f884f0631fb,reputedly.science,available,11.99,11.99,medium,low,9,namesilo,,,15/09/2026 23:20
d4d8cd3c-06df-4cfc-b054-dbacfe5f059b,neighbour.science,available,11.99,11.99,high,low,9,namesilo,,,
77d5727c-c199-4fe5-b891-826c27692f30,anguis.science,available,11.99,11.99,medium,low,6,namesilo,,,19/09/2026 07:34
a110feee-a0eb-432e-81be-cb395087d5e0,bride.science,available,11.99,11.99,high,low,5,namesilo,,,24/09/2026 10:31
72764de9-7435-44bb-bd80-ceea3b5a7560,anaheim.science,premium,116,29.5,high,low,7,namesilo,,,19/09/2026 01:31
462b1c05-4169-425c-b78b-c29581f74322,yeasty.science,available,11.99,11.99,medium,low,6,namesilo,,,08/08/2026 19:56
6565cd72-98dd-41f8-b763-8c1ad2634c4b,unturned.science,available,11.99,11.99,medium,low,8,namesilo,,,12/09/2026 21:54
01abd3f7-e3ff-4ba0-9473-e869bd3178c3,rustproof.science,available,12.98,16.98,high,low,9,namecheap,,,09/09/2026 20:21
e8069213-ed57-45f4-afae-4396d0b4e0cf,ostensive.science,available,11.99,11.99,medium,low,9,namesilo,,,04/09/2026 18:31
eddef429-6af3-4100-bf07-b740dff3f1cd,agamic.science,available,11.99,11.99,medium,low,6,namesilo,,,
a58dec4a-4d61-4f4c-ac2d-ed6804f8c36a,elvish.science,available,11.99,11.99,medium,low,6,namesilo,,,16/08/2026 03:43
34d47a10-7c2e-4aa9-96f0-e213372c7d6d,divorcing.science,available,12.98,16.98,low,low,9,namecheap,,,17/09/2026 22:37
27b4ab22-d554-4243-8c76-c02d76ffa7e2,anhidrosis.science,available,11.99,11.99,medium,low,10,namesilo,,,19/09/2026 07:47
7d5eec7a-1154-460d-acd0-968ef81c72d1,monolithic.science,premium,437.5,62.5,medium,low,10,name.com,,,24/08/2026 16:43
9a81982c-3745-4b12-a356-ae2599a2d5fe,saponified.science,available,12.98,16.98,high,medium,10,namecheap,,,09/09/2026 21:21
0f2c3979-ec09-4c23-95a7-c9f741f34e01,asin.science,available,11.99,11.99,high,low,4,namesilo,,,20/09/2026 14:15
aff28c91-c434-480f-98da-6c30622fcaae,obamacare.science,available,11.99,11.99,medium,low,10,namesilo,,,
f26aa1ce-86a5-4707-a93c-1c8dce7d69ae,cordate.science,available,11.99,11.99,high,low,7,namesilo,,,13/08/2026 00:50
5183f671-ea00-4de4-b6be-0f7209db3cf7,singapore.science,available,,,high,high,9,,,,
306779fa-d3c2-4a33-804d-3f79335c829c,convinced.science,premium,116,29.5,high,low,9,namesilo,,,
8ff37a36-d0d0-4c79-b667-9b29a0387ffc,shiny.science,premium,1300,130,high,low,5,namecheap,,,23/09/2026 11:51
972e7d19-3421-4839-b7ba-fcdcae5225dc,unhampered.science,available,11.99,11.99,medium,low,10,namesilo,,,12/09/2026 11:51
0d18d23b-2a4c-4991-8714-c93677483fc6,pants.science,resell,,,high,low,5,Porkbun,13/10/2023 18:02,13/10/2027 18:02,26/09/2026 08:01
d3ce720c-0f1a-4fbf-9c7a-962d9c9a2d1f,dumb.science,available,12.98,16.98,high,low,4,namecheap,,,14/08/2026 21:03
f7d730e5-b6aa-4931-b7e9-51b6e1d864be,favourable.science,available,12.98,16.98,high,low,10,namecheap,,,24/09/2026 17:24
ac10f795-f8c5-4997-bb68-89db3cfcb64a,mention.science,premium,625,,high,low,7,name.com,,,
ed416fc7-a200-449b-8c9e-a0f251da0cda,deadly.science,premium,3450,116,medium,low,6,namesilo,,,22/09/2026 16:43
ae8b6719-73a3-43a9-a641-b8a9bae24701,handsomely.science,available,11.99,11.99,high,low,10,namesilo,,,14/09/2026 22:57
86df1c74-891a-4a60-8444-d62ac848c80b,audible.science,premium,116,29.5,high,high,7,namesilo,,,22/09/2026 12:34
e71371d8-3577-4b0e-a83f-c3210eaa285d,innate.science,premium,1107,116,high,low,6,namesilo,,,12/08/2026 21:44
021519ac-7543-4204-a831-6cabd70db4a1,categorically.science,premium,1107,116,medium,low,13,namesilo,,,
6787a99e-3eec-4358-8645-8c781ca54d8f,reasonably.science,available,11.99,11.99,medium,low,10,namesilo,,,25/09/2026 11:58
0a333159-bd01-4e1f-ad4a-3e9cab8d1471,asking.science,available,11.99,11.99,high,low,6,namesilo,,,
3c1556aa-3bc5-47ce-8f23-646c777e0375,army.science,available,12.98,16.98,high,low,4,namecheap,,,20/09/2026 07:50
f693b8bf-1ec1-4dbc-abbe-097de1612ae2,instinct.science,premium,116,29.5,high,medium,8,namesilo,,,22/08/2026 07:36
2c19bd18-d5f2-4a86-8119-079b23a58c4d,retral.science,available,11.99,11.99,medium,low,6,namesilo,,,09/09/2026 15:44
dfa2ead9-ffb7-4876-9b46-af3a4d8b1e57,tewkesbury.science,premium,116,29.5,medium,low,10,namesilo,,,22/09/2026 16:07
a5dbc6f3-0f82-474e-9915-5907b180ba6d,risible.science,available,12.98,16.98,medium,low,7,namecheap,,,12/08/2026 19:02
4a25d7b8-1b18-4bb3-96c3-81d55283a693,adulthood.science,available,11.99,11.99,high,low,9,namesilo,,,17/09/2026 10:25
40807559-3286-43e6-8454-753f648b3d78,shaper.science,premium,437.5,,high,low,6,name.com,,,
d85ae4ab-a151-492c-af84-b9e47daeaba9,bolt.science,available,11.99,11.99,high,medium,4,namesilo,,,
a88c2909-6fb6-40b3-ac77-5cffd0b36968,brit.science,available,11.99,11.99,high,low,4,namesilo,,,11/08/2026 04:52
614d3145-7e53-428f-a30e-c57ce482f6c7,crybaby.science,available,11.99,11.99,high,low,7,namesilo,,,23/09/2026 06:47
9844b1e0-33f5-40a0-b419-e5f5ea709a9a,threshold.science,premium,1107,116,high,low,9,namesilo,,,24/09/2026 10:33
1736198d-0ca6-4118-9e25-d439e14d9a73,louise.science,available,11.99,11.99,high,low,6,namesilo,,,25/09/2026 13:47
dcb03805-1429-492f-ac53-b64d6915d250,validated.science,available,11.99,11.99,high,low,9,namesilo,,,13/09/2026 00:59
fe8aac76-81cb-434a-97b0-ce7631b3dba3,changeable.science,available,11.99,11.99,medium,low,10,namesilo,,,12/08/2026 01:51
fbd49a5d-f8bb-4bca-83ac-79567e86907a,auricular.science,available,12.98,16.98,medium,low,9,namecheap,,,07/08/2026 17:46
52e0a249-1f95-4683-9dce-abedb1e22b30,concluding.science,available,11.99,11.99,high,low,10,namesilo,,,19/09/2026 15:36
b3be7f5e-2dba-48f4-84f0-215df548e57c,enactment.science,available,12.98,16.98,high,low,9,namecheap,,,17/09/2026 04:06
bb8dbef6-c7b3-4614-83d7-8737a2b36d7a,bumpkin.science,premium,437.5,62.5,medium,low,7,name.com,,,21/08/2026 08:07
8af7fd62-f64a-4b92-afc5-d520291809c1,harijan.science,available,11.99,11.99,medium,low,7,namesilo,,,12/09/2026 21:38
ab653202-dcbe-4273-a7f8-d2554ff34b67,rust.science,available,16.98,,high,low,4,namecheap,,,
45f75bf2-4624-4ed9-9830-d0ce5e82ab1b,timorese.science,available,11.99,11.99,medium,low,8,namesilo,,,11/09/2026 16:04
54e40c20-4a7b-4f3f-8701-8b4a9b5fb68d,americana.science,available,12.98,16.98,high,low,9,namecheap,,,18/09/2026 21:03
321eae59-00eb-4436-9d21-353848b5e19b,scandal.science,premium,1107,116,high,low,7,namesilo,,,
5103e395-9818-4961-90d6-d73c7abb4810,fecund.science,available,11.99,11.99,medium,low,6,namesilo,,,18/08/2026 00:34
dbf12076-7920-4a00-8fdb-bd955f47e722,triplet.science,premium,437.5,62.5,medium,low,7,name.com,,,
25a56e25-21d6-457f-accf-f23a4fb4c110,bioethics.science,premium,1300,130,high,low,9,namecheap,,,23/09/2026 17:56
03856e17-b054-4aa3-8a93-b4d694f0e438,unabridged.science,available,11.99,11.99,high,low,10,namesilo,,,11/09/2026 23:28
e226b66c-98c4-4a42-b13a-674ad4f7de7f,allele.science,available,12.98,16.98,high,low,6,namecheap,,,18/09/2026 10:44
dc834d58-3f43-410e-8443-4f5bf819102a,bassoonist.science,available,11.99,11.99,medium,low,10,namesilo,,,22/09/2026 12:33
46ecf63a-27b0-43ee-ba79-77c10c6f1713,bai.science,premium,650,84.5,high,low,3,namecheap,,,21/09/2026 18:49
83200273-a7cd-436a-b32a-5f55870aca53,unblessed.science,available,11.99,11.99,medium,low,9,namesilo,,,12/09/2026 02:14
ebdddbd8-e745-48b7-ac5f-c5989dfb5be9,puku.science,available,11.99,11.99,medium,low,4,namesilo,,,17/09/2026 07:35
a2bfb012-ebee-47ed-827f-b8265f3e1b6b,bellbottom.science,available,11.99,11.99,low,low,10,namesilo,,,09/08/2026 13:21
4f7ab39d-b50c-4c07-a287-3f2988b17ce2,vulvar.science,available,11.99,11.99,medium,low,6,namesilo,,,13/09/2026 07:29
19eaeb59-2f70-466e-aaac-fbba2482a97b,adoringly.science,available,11.99,11.99,medium,low,9,namesilo,,,13/09/2026 17:23
67dd6c58-df9b-48fb-b574-ab3037fe7755,acetic.science,available,11.99,11.99,medium,low,6,namesilo,,,
5a300eb2-a5be-407d-baec-3f95c1137171,gratuity.science,available,11.99,11.99,high,low,8,namesilo,,,21/09/2026 15:50
75fd8d87-6f0a-4235-bc8c-9bbbd56da2e4,outer.science,premium,3125,,high,low,5,name.com,,,
4d54eac0-73c1-41e5-9af3-13af0df73615,bandstand.science,premium,448,53.92,high,low,9,namesilo,,,22/09/2026 01:32
a79a1436-7011-4c14-b437-90c72379b042,chemist.science,premium,3450,116,high,low,7,namesilo,,,19/09/2026 19:39
24d28813-d366-4772-8790-096e0293a805,favour.science,available,11.99,11.99,high,low,6,namesilo,,,25/09/2026 05:51
420a8570-d3ac-41eb-9756-cc3fe1998cd1,dilemma.science,premium,625,,high,low,7,name.com,,,
c2238ef6-053d-467b-a2c6-e4b3f7c5b854,amphibious.science,premium,437.5,62.5,high,low,10,name.com,,,
7abbb6d9-2c75-46c7-8cd8-0df24574b8de,tune.science,available,16.98,,high,low,4,namecheap,,,
adeeaf0b-332e-41dd-b905-83f75562d408,sweatshop.science,available,11.99,11.99,medium,low,10,namesilo,,,
da24ae37-1bd5-4465-b5bd-2aee8e4ab39f,facile.science,available,11.99,11.99,high,low,6,namesilo,,,16/08/2026 06:16
0c54976b-8ece-4efa-8194-48dd3c110db7,gorky.science,available,11.99,11.99,high,low,5,namesilo,,,18/09/2026 05:08
c8507363-31e3-4124-a5b9-27e0ad570eaf,allhallows.science,available,12.98,16.98,medium,low,10,namecheap,,,18/09/2026 09:24
80e4e9a9-5ec5-49f9-9a5e-5499b62769f2,identify.science,premium,3450,116,high,low,8,namesilo,,,25/09/2026 12:36
62b12911-4c73-4d1d-90af-b6fce98cd173,raw.science,premium,625,81.25,high,low,3,name.com,,,08/08/2026 18:20
5a68b7ef-314a-4fde-befa-6cc1c67e4f0d,uppity.science,available,11.99,11.99,medium,low,6,namesilo,,,12/09/2026 23:17
bb3ec37d-458d-425b-aaf0-448416b981e2,charitable.science,premium,1107,116,high,low,10,namesilo,,,12/08/2026 02:34
25e6357d-4d7a-4da0-a390-4eb52a28b245,taal.science,available,11.99,11.99,medium,low,4,namesilo,,,
d8a3538b-6391-4a9b-8ac8-0b4f971ed5e3,stably.science,available,11.99,11.99,high,low,6,namesilo,,,16/09/2026 06:43
548d4e1d-75e7-443a-8cc4-795d6977d237,aromatic.science,premium,1107,116,high,low,8,namesilo,,,22/09/2026 08:02
ad76b9f7-1e57-49ca-abb6-5742d33de19b,unlovely.science,available,11.99,11.99,medium,low,8,namesilo,,,12/09/2026 15:12
05c9ecdd-5fed-4016-811b-1532fa627ab0,most.science,available,12.98,16.98,high,low,4,namecheap,,,25/09/2026 21:48
3aec910f-9dcf-470f-9d21-48c5f015f821,carpetbag.science,available,11.99,11.99,medium,low,9,namesilo,,,11/08/2026 19:44
611b1d1f-05c4-4842-8152-57fdbdb27615,crepuscle.science,available,11.99,11.99,medium,low,9,namesilo,,,11/09/2026 21:50
f2e8c981-3a80-4305-a65e-502b54630014,estimates.science,premium,640,77.35,medium,low,9,namesilo,,,20/09/2026 04:10
1f374fba-b671-49f5-80b8-f5bab95efd8c,hispanic.science,premium,116,29.5,high,low,8,namesilo,,,21/08/2026 09:44
bc0a4de3-427c-4fc2-8bf3-ac46d5d1ab18,simian.science,premium,1107,116,high,medium,6,namesilo,,,10/09/2026 08:14
a13c25cc-94d6-41f3-b2fd-988b2f96350d,corpse.science,premium,116,29.5,high,low,6,namesilo,,,25/09/2026 22:01
9598c31d-4aa6-4b85-b38e-5f0596b1e98b,planted.science,available,12.98,16.98,high,low,7,namecheap,,,24/09/2026 04:59
7cbef22a-ba06-49e9-944c-39d570abe4b7,contorted.science,available,11.99,11.99,medium,low,9,namesilo,,,12/08/2026 23:22
823ed751-94d5-4572-b388-0da79eb61529,pulling.science,available,11.99,11.99,high,low,7,namesilo,,,25/09/2026 10:11
ca9f4bba-6356-4302-a6ed-99197980ca16,bicorn.science,available,12.98,16.98,medium,low,6,namecheap,,,09/08/2026 19:30
c243ba2f-4b9b-415c-8885-73a228ab04dc,accusing.science,available,11.99,11.99,medium,low,8,namesilo,,,
9b4d5433-8800-4d6f-ba43-2c1c990e5972,agon.science,available,12.98,16.98,high,low,4,namecheap,,,17/09/2026 18:51
d825afc4-5980-48c7-8eac-54c9e46fc353,imperious.science,available,11.99,11.99,medium,low,9,namesilo,,,21/08/2026 01:26
5d00fd15-2fd9-4ec7-81e8-f93789074b69,applicable.science,available,11.99,11.99,high,low,10,namesilo,,,06/08/2026 07:06
43a45db9-ecdb-44cb-bc9f-da226f737701,rig.science,premium,640,77.35,high,low,3,namesilo,,,20/09/2026 11:18
2ec51c13-2f74-493d-9786-2b86f8d25c80,blackmailing.science,available,11.99,11.99,medium,low,12,namesilo,,,
86b8a75d-ccbf-4bae-9145-e940dd5f6809,metastatic.science,available,11.99,11.99,medium,low,10,namesilo,,,24/08/2026 21:49
cada288f-9463-4295-8b46-2c8a0fba19f4,conceptive.science,available,12.98,16.98,high,low,10,namecheap,,,12/08/2026 20:03
11d24e22-a0fa-4790-a6a8-aebca7da692f,hood.science,available,16.98,,high,low,4,namecheap,,,
042699c4-3354-4c5a-b038-c21f5f7c234b,nonvisual.science,available,12.98,16.98,medium,low,9,namecheap,,,03/09/2026 21:06
e16382a8-6075-445f-b868-cdb9dd257316,haircuts.science,available,11.99,11.99,medium,low,8,namesilo,,,21/09/2026 07:16
c886bfc1-ddf7-448b-9b7d-273426a6fbcf,restriction.science,premium,625,,high,low,11,name.com,,,
eaa11b08-ba85-4845-8963-4cfdee1cd936,gleefully.science,available,12.98,16.98,high,low,9,namecheap,,,14/09/2026 21:28
a5d0ab38-ce91-4f2b-af4a-5bc0135c97c9,explosion.science,premium,3450,116,high,low,9,namesilo,,,25/09/2026 21:57
45a6c1c9-5ba0-4b22-add5-a859d3a89992,daft.science,available,11.99,11.99,high,low,4,namesilo,,,06/08/2026 20:50
91a1032c-8156-43d0-aa9a-3e554543ef55,luteal.science,available,11.99,11.99,medium,low,6,namesilo,,,24/08/2026 12:07
db5a2ac8-529a-4cc2-91c2-aaecf43cedb8,andreas.science,available,11.99,11.99,high,low,7,namesilo,,,25/09/2026 13:21
327ae04c-0ce5-46dc-b49e-bc4ae0575ac5,achaean.science,available,11.99,11.99,medium,low,7,namesilo,,,
d69cc085-1bb4-4f9e-8a65-9d230dd58074,tibetan.science,premium,116,29.5,high,low,7,namesilo,,,11/09/2026 15:23
60a111db-5f0c-4578-9c6e-0109d74a0404,amen.science,available,12.98,16.98,high,low,4,namecheap,,,18/09/2026 18:25
02fe2c91-aea9-4628-8df8-892f6ac3ac08,lower.science,premium,1107,116,high,low,5,namesilo,,,
cb14c204-8752-4b3d-89be-d5be900a47d7,crowns.science,premium,448,53.92,medium,low,6,namesilo,,,18/09/2026 06:26
9d06995d-a057-493b-adf2-e9dbaeca8c61,someplace.science,available,12.98,16.98,high,low,9,namecheap,,,16/09/2026 04:51
4d40e59c-5e13-48ac-8e84-d4a5f88c9c82,spend.science,premium,116,29.5,high,low,5,namesilo,,,
3526fef3-c133-4941-908a-bc99a8cfc446,axilla.science,available,11.99,11.99,medium,low,6,namesilo,,,20/09/2026 07:40
b59c7981-3213-4f06-bd38-ab3e8763b5be,eat.science,premium,625,,high,low,3,name.com,,,
b780bc36-f05e-4931-b0af-e1b3f3ff1bbc,event.science,premium,1300,130,high,medium,5,namecheap,,,25/09/2026 05:15
3973c113-e808-4e28-a0d1-ecf612a196a1,sprightly.science,available,11.99,11.99,high,low,9,namesilo,,,10/09/2026 16:49
ad45db61-6ca8-4f30-97c7-c7ce9b2dc186,lachrymal.science,available,12.98,16.98,medium,low,9,namecheap,,,22/08/2026 17:59
f1713313-7ad7-4b56-9d0a-10b57c322b74,scruples.science,available,11.99,11.99,high,low,8,namesilo,,,24/09/2026 17:26
e2a77d63-3319-4aef-a936-06911763d472,discursive.science,available,11.99,11.99,medium,low,10,namesilo,,,14/08/2026 06:00
f1a237ef-1fd9-4a11-a72c-5c95fcc39f26,honduran.science,available,11.99,11.99,medium,low,8,namesilo,,,21/08/2026 13:17
9701f3ef-107d-4c3d-acfe-2caed4a353ba,gayal.science,available,11.99,11.99,medium,low,5,namesilo,,,23/09/2026 13:03
7ea4e3de-7cbb-4c12-95d1-b4f142da8ead,inn.science,premium,650,84.5,high,low,3,namecheap,,,21/09/2026 02:28
8088a408-f3a1-4788-b832-392bc2460a8e,acc.science,premium,640,77.35,high,low,3,namesilo,,,16/09/2026 21:45
b78c72c6-bd53-4c6d-95b9-8859337b03cd,carrying.science,available,11.99,11.99,high,low,8,namesilo,,,
6e633e68-5379-446d-b4e6-420f86876cfb,reactive.science,premium,3250,130,high,low,8,namecheap,,,09/09/2026 10:56
4067e7c4-a075-42cd-bc90-eb31c2263a2d,dominical.science,available,11.99,11.99,medium,low,9,namesilo,,,14/08/2026 15:42
ac783b2a-35b8-46b4-a725-a4e64dc72b18,toothsome.science,available,11.99,11.99,medium,low,9,namesilo,,,14/08/2026 00:24
40e04de6-f96b-4b77-8b75-d5771ce6b53e,neapolitan.science,premium,448,53.92,medium,low,10,namesilo,,,03/09/2026 14:18
0c7b7c06-9e46-4658-910c-f8bd1a9302ab,olson.science,available,12.98,16.98,medium,low,5,namecheap,,,27/09/2026 01:46
eab07f61-ab96-479b-9e3d-ba6df34784a7,barefooted.science,available,12.98,16.98,medium,low,10,namecheap,,,08/08/2026 18:59
4c961ef9-65d6-4a68-8aa0-aea8defe334e,unexciting.science,available,11.99,11.99,medium,low,10,namesilo,,,12/09/2026 09:32
c7dea35f-aeb4-4a60-96ec-23d4b07dd21f,healthful.science,premium,437.5,62.5,high,low,9,name.com,,,21/08/2026 02:02
bd23c2c8-9b66-4adb-b0c4-680234896416,performed.science,premium,625,,medium,low,9,name.com,,,
a0b06f79-f0f8-460d-b1ac-7d27d34aeab6,emotive.science,premium,625,81.25,high,low,7,name.com,,,
96af1223-f441-4548-9e5a-19c812215bea,bigamy.science,available,12.98,16.98,medium,low,6,namecheap,,,23/09/2026 15:03
06e8072f-3d14-40b8-bba8-475e43ccfd1d,mistflower.science,available,11.99,11.99,medium,low,10,namesilo,,,17/09/2026 17:17
28fcec8e-1218-4518-92a3-2c63d153e6ab,producing.science,premium,3125,,medium,low,9,name.com,,,
7b34a0fd-d7fd-4efd-a0f5-a64a1ec983a8,swelling.science,premium,130,32.5,high,low,8,namecheap,,,24/09/2026 11:05
1e2663ab-9caf-4177-b609-ab16971f9ad7,offprint.science,available,11.99,11.99,medium,low,8,namesilo,,,10/09/2026 03:57
c887a4ab-d70b-4514-9046-1cf98c9a85c2,sixth.science,premium,1107,116,high,low,5,namesilo,,,
a46602d2-ac33-4ee9-85fe-e09bbd403cf7,failures.science,premium,3250,130,low,low,8,namecheap,,,20/09/2026 17:55
f9a00f2e-d1ea-4117-bf1d-5423db87cbf3,windmill.science,available,11.99,11.99,high,low,9,namesilo,,,17/09/2026 13:01
9ffb0ee0-a5ff-4874-89ef-f87e68a6f55c,throngs.science,available,12.98,16.98,medium,low,7,namecheap,,,20/09/2026 14:21
75896629-adad-4387-a58f-81a1bebc80f4,consuming.science,premium,1300,130,high,low,9,namecheap,,,23/09/2026 21:22
542c7343-3878-4907-a9ee-2733e7428345,sell.science,resell,,,high,medium,4,"GoDaddy.com, LLC",03/02/2023 03:44,03/02/2027 03:44,26/09/2026 08:54
3ae64931-2f53-4007-b028-0bce0f97fe9f,sumerian.science,available,11.99,11.99,high,low,8,namesilo,,,11/09/2026 01:33
97efe195-c913-453e-923d-2afeeca0d6f3,offsides.science,premium,448,53.92,medium,low,8,namesilo,,,04/09/2026 01:40
8ef2c76d-9782-4472-a04e-bbc801bdd3df,specular.science,available,11.99,11.99,medium,low,8,namesilo,,,25/08/2026 01:15
fa4984bb-f6f0-472f-a103-e22cf5ba0fbd,birthplace.science,available,12.98,16.98,high,low,10,namecheap,,,23/09/2026 21:18
627fca91-7f30-4ee3-b720-5a3bec568c2c,intestinal.science,available,11.99,11.99,high,low,10,namesilo,,,04/09/2026 08:14
46d8d615-158f-4fe7-88fd-b142ac9bf5c1,cochlear.science,premium,437.5,62.5,medium,low,8,name.com,,,12/08/2026 14:45
c64d1e54-9fbb-4e0c-93a5-21c4e88d3732,flight.science,premium,3450,116,high,low,6,namesilo,,,24/09/2026 20:44
be86783f-bfab-4b36-b71a-f6290f8dedb4,britain.science,premium,3125,,high,low,7,name.com,,,
814a1c7d-9c15-40cc-856b-2d6f6d1e1adb,cretaceous.science,available,11.99,11.99,medium,low,10,namesilo,,,13/08/2026 06:22
bf2dc3f7-4154-4502-b4db-cdba89319e55,rolling.science,premium,1107,116,high,low,7,namesilo,,,19/09/2026 06:51
e4135364-8f49-4c88-b637-24624b9997d1,eviction.science,available,11.99,11.99,high,low,8,namesilo,,,24/09/2026 17:35
a76bc636-f561-421e-afa5-db96bc1041f8,alcides.science,available,11.99,11.99,medium,low,7,namesilo,,,18/09/2026 04:05
feca5add-c3d8-455c-9a44-f2fb28c213f2,emir.science,available,34.99,37.99,high,low,4,name.com,,,18/09/2026 17:55
ac422bff-2570-4c83-82dc-28878b825a57,anastrophe.science,available,11.99,11.99,medium,low,10,namesilo,,,19/09/2026 03:23
54480336-0077-4c63-9fef-9ce164c01852,upstanding.science,available,11.99,11.99,high,low,10,namesilo,,,12/09/2026 23:22
43040270-c322-468a-809d-c569a3131da4,fanged.science,available,11.99,11.99,medium,low,6,namesilo,,,17/08/2026 22:05
104d8216-bf94-40fc-933c-b578c1f9c810,navigable.science,premium,116,29.5,medium,low,9,namesilo,,,03/09/2026 14:13
4bbe8ac0-ba58-46e8-84dc-a53412c2818a,modeler.science,premium,437.5,,high,low,7,name.com,,,
e4f56122-79be-4f93-8911-8d71589861f7,actresses.science,available,11.99,11.99,medium,low,9,namesilo,,,20/09/2026 05:14
453bd969-6861-433b-bbc2-faa1aa556a99,cargo.science,available,11.99,11.99,high,low,5,namesilo,,,24/09/2026 12:56
c2d441a8-ea93-4882-bca6-534ab86ac945,rough.science,premium,625,81.25,high,low,5,name.com,,,06/08/2026 09:39
c51c8f73-541a-4f1f-a027-e637be025ab1,heyday.science,premium,437.5,62.5,high,low,6,name.com,,,18/08/2026 09:24
0ddd53c9-2a8b-48be-bef9-2fb3652e66f4,godly.science,premium,1107,116,high,low,5,namesilo,,,14/08/2026 13:55
15f4bbf0-ca95-4854-88aa-b00c3d657263,peaky.science,available,11.99,11.99,medium,low,5,namesilo,,,08/09/2026 11:10
902cbf18-d52d-445a-b51c-0dfcde25352f,hanger.science,available,16.98,,medium,low,6,namecheap,,,
b2048bf5-1bd2-45f9-8f29-8fad76e66769,contested.science,available,11.99,11.99,high,low,9,namesilo,,,23/09/2026 22:01
91c147cb-a5d6-4e5e-b5b6-16e9fd0aee1a,fervent.science,premium,437.5,62.5,high,low,7,name.com,,,06/08/2026 16:14
66176880-2778-4b27-a0f2-32f5d808157d,coding.science,premium,116,29.5,high,medium,6,namesilo,,,23/09/2026 08:39
72c0f8fe-b006-45b5-9dd9-5e81776cc256,thumbs.science,available,12.98,16.98,medium,low,6,namecheap,,,18/09/2026 14:13
eec307b0-855d-44bd-87f8-4770ca3b8e0c,avenger.science,available,11.99,11.99,high,low,7,namesilo,,,21/09/2026 08:56
57657cb6-a2d9-4955-9a3c-0b5f52abb46a,factory.science,premium,116,29.5,high,low,7,namesilo,,,25/09/2026 22:41
1125511b-4d03-4f02-8bdf-fa030d4e416d,springtime.science,available,16.98,,high,low,11,namecheap,,,
b7deb2ea-76c0-43ea-9ae5-15aebdedb7d2,sit.science,premium,625,,high,low,3,name.com,,,
ccd17120-e7bf-49e1-b6a7-90ebbce4108c,volunteer.science,premium,6500,130,high,low,9,namecheap,,,13/09/2026 07:13
90f61977-3475-49d4-938a-513490b80e2b,orthoptic.science,available,12.98,16.98,medium,low,9,namecheap,,,04/09/2026 18:06
5c268f36-1a2d-412b-bca9-ee6d1682fa8d,milk.science,available,11.99,11.99,high,low,4,namesilo,,,25/09/2026 05:39
064e334f-e3f6-43be-ad3f-21f720480c71,jump.science,available,11.99,11.99,high,low,4,namesilo,,,22/09/2026 02:34
1c698568-7699-4226-9e8c-71d493109d95,alopecia.science,available,12.98,16.98,medium,low,8,namecheap,,,18/09/2026 13:18
45dd5001-7cf7-416f-9c33-f1ee2c060172,semisolid.science,available,11.99,11.99,medium,low,9,namesilo,,,10/09/2026 03:26
88ef1f43-4417-4f59-a454-5d15c6341f31,established.science,premium,6250,,high,low,11,name.com,,,
ccabfe51-0b88-4b3c-92fa-a1af1db844d0,wizardly.science,premium,437.5,62.5,medium,low,8,name.com,,,24/08/2026 13:02
5dc743d9-40ba-4e73-ad03-1c1ddfc3567b,briefing.science,premium,3125,,high,low,8,name.com,,,
fa6ea5ba-b365-485c-bf9c-76d647a77d66,coital.science,available,11.99,11.99,low,low,6,namesilo,,,12/08/2026 16:22
a8ba21b7-263f-4be6-8a8c-34922bce5057,emphasize.science,premium,1107,116,high,low,9,namesilo,,,16/09/2026 21:52
cc93f576-3064-405d-9b4f-416fc3911391,unopposed.science,available,11.99,11.99,medium,low,9,namesilo,,,12/09/2026 16:16
e56f5a9a-c2d5-40e5-b08a-3aa7fa741660,astringent.science,available,11.99,11.99,medium,low,10,namesilo,,,
643fc914-e4ad-433e-a317-73057bb5d353,aqaba.science,premium,116,29.5,medium,low,5,namesilo,,,17/09/2026 23:49
625d3791-f819-4c5a-8fc5-e04dbee41ef4,masonic.science,available,11.99,11.99,high,low,7,namesilo,,,24/08/2026 16:39
b03ca42a-c342-4d01-a966-d5ecfa4a5709,cupping.science,available,34.99,37.99,high,low,7,name.com,,,24/09/2026 20:18
d0bf0994-5055-4c21-b226-817d56b27cba,effective.science,premium,1107,116,high,low,9,namesilo,,,24/09/2026 13:31
63698c16-962a-412b-8a41-6123fed94dfe,someway.science,available,11.99,11.99,medium,low,7,namesilo,,,15/09/2026 06:46
17312633-2c52-497e-8306-343799b882fe,manages.science,available,11.99,11.99,medium,low,7,namesilo,,,25/09/2026 05:29
d78a7f04-a05b-4651-ac93-ef8961809229,tactically.science,available,12.98,16.98,medium,low,10,namecheap,,,16/09/2026 07:46
c9024cf8-1b58-43e3-8cf2-02b05869905e,entrancing.science,available,11.99,11.99,medium,low,10,namesilo,,,09/08/2026 18:23
b9b372e1-8d14-4425-980c-d0b8b9be26bd,trembling.science,available,11.99,11.99,high,medium,9,namesilo,,,10/09/2026 06:41
966a5371-01f8-4629-83a7-873585e34d51,shortages.science,available,11.99,11.99,medium,low,9,namesilo,,,21/09/2026 03:14
ac1aa2a3-0ec1-4237-8c61-957493839e67,vatic.science,available,11.99,11.99,low,low,5,namesilo,,,14/08/2026 13:52
b0aa81bc-e1a3-4cf6-a460-fea4b59cbe0c,talked.science,available,12.98,16.98,medium,low,6,namecheap,,,18/09/2026 13:42
4fb91987-21ec-4f31-be3f-4bebd4dc9d13,genetical.science,available,12.98,16.98,high,low,9,namecheap,,,18/08/2026 21:37
da407b57-55fc-43fd-b9cf-a14b84e1f5bf,primal.science,premium,3125,125,high,low,6,name.com,,,11/08/2026 18:56
1fcee0ec-7c34-4250-87b8-fddea845827c,bunny.science,available,11.99,11.99,high,low,5,namesilo,,,
77ccc297-a41e-4ca7-b14d-44b57a10e254,medicine.science,premium,13000,130,high,low,8,namecheap,,,25/09/2026 22:51
a9c5fcbe-e309-491e-9623-b74ef345064d,city.science,available,,,high,medium,4,,,,
d1abc0f6-eacd-47fe-be5d-7fb729bf3467,shovels.science,available,34.99,37.99,medium,low,7,name.com,,,20/09/2026 10:22
16d42efa-8458-4574-a927-2e7b4bc0e541,helmet.science,available,11.99,11.99,high,low,6,namesilo,,,25/09/2026 23:05
531a14e7-84f9-422e-af9f-07d17be8c942,superfine.science,premium,437.5,62.5,high,low,9,name.com,,,04/09/2026 21:37
21d802ab-cbd1-4223-9bd8-2b05ed0ecd19,elizabeth.science,available,11.99,11.99,high,low,9,namesilo,,,25/09/2026 05:29
132610fd-b50a-4025-a675-0576cc521ee3,mechanism.science,premium,625,81.25,high,low,9,name.com,,,24/09/2026 14:15
9965b469-da53-4765-978a-3dc570e82625,expert.science,premium,6900,116,high,low,6,namesilo,,,23/09/2026 15:34
d05937e1-9fe2-4060-b43a-1bc61de2e0e7,gushing.science,available,11.99,11.99,high,low,7,namesilo,,,11/08/2026 10:18
b3aaaa4a-f572-44b9-bb96-3ee0229d6746,showy.science,available,11.99,11.99,medium,low,5,namesilo,,,18/08/2026 06:20
c1dc27b6-cd36-49b5-9f5f-40394cdc1386,massive.science,premium,640,77.35,high,low,7,namesilo,,,25/09/2026 17:08
1515856a-1bf3-437f-bd2d-48afe30c3e2d,unwritten.science,premium,448,53.92,high,low,9,namesilo,,,04/09/2026 17:17
5a1373e2-fc6c-49b1-982d-ae33c6bf66b4,coastal.science,premium,116,29.5,high,low,7,namesilo,,,12/08/2026 14:10
c729ab4d-aa93-4d47-8934-da8c70d26245,fop.science,premium,625,81.25,medium,low,3,name.com,,,13/08/2026 17:09
f09ae874-be3d-4d2e-a945-3b40c6ef8943,loved.science,available,11.99,11.99,high,low,5,namesilo,,,25/09/2026 14:27
a0122490-32d9-4956-9401-bf6e5b78a252,wooly.science,premium,437.5,62.5,high,low,5,name.com,,,18/08/2026 08:45
68a6c911-2620-486b-a9a6-e2297d4fd8a5,travellers.science,premium,455,65,medium,low,10,namecheap,,,17/09/2026 22:15
5eaf3737-e186-4f5e-88e0-ed647a57a1a9,baas.science,available,11.99,11.99,high,low,4,namesilo,,,21/09/2026 12:09
fee23960-6515-4749-b50f-2ad74af60bf1,elan.science,available,11.99,11.99,high,low,4,namesilo,,,20/09/2026 03:17
90dfdc79-9457-4c0d-86cb-02b8505721c6,rapturous.science,available,11.99,11.99,high,low,9,namesilo,,,14/08/2026 23:48
5471d3ee-6f2d-4340-8089-f74a830bdf57,executives.science,premium,1300,130,high,low,10,namecheap,,,21/09/2026 01:35
60ffd794-2dd3-4c02-9e64-4c193f20ccf2,plunge.science,available,12.98,16.98,high,low,6,namecheap,,,10/09/2026 19:52
396f487d-a336-44cf-8052-3606b8636a67,beanball.science,available,12.98,16.98,medium,low,8,namecheap,,,22/09/2026 20:24
788b54cb-740a-463b-a6b5-bf378a521b2e,implied.science,premium,1107,116,high,low,7,namesilo,,,
83ead89c-7bfc-4576-bc04-44f3f99bb4ac,accountability.science,premium,116,29.5,high,low,14,namesilo,,,
f4a085e4-ba6f-4a05-803f-cb0651776758,dispatch.science,premium,1107,116,high,low,8,namesilo,,,04/09/2026 00:56
1895e39f-8ee7-42a7-90bb-c016c289b2ea,mistreat.science,available,12.98,16.98,medium,low,8,namecheap,,,16/09/2026 19:06
8eb18c81-ab68-49db-86da-eb145c8b3105,comparably.science,available,11.99,11.99,medium,low,10,namesilo,,,14/09/2026 07:37
17940aaf-1567-4905-81b6-d78b63facba9,confidence.science,premium,640,77.35,high,low,10,namesilo,,,20/09/2026 16:46
5a203535-34c2-45c7-8bcc-2be3be61a805,wanderer.science,premium,455,65,high,low,8,namecheap,,,23/09/2026 20:11
7b15ec3e-a284-4095-9045-9e7b97f92d47,dogfish.science,available,12.98,16.98,high,low,7,namecheap,,,18/09/2026 21:24
91918b5f-c41b-4a7b-a1c1-dd6ac740661f,anglophobe.science,available,11.99,11.99,medium,low,10,namesilo,,,19/09/2026 06:55
9986526f-bb92-4238-b5cf-5d80cfc684aa,crawler.science,available,11.99,11.99,high,low,7,namesilo,,,19/09/2026 06:39
7a7e1642-320a-4354-a683-4824874d69fe,roses.science,available,12.98,16.98,high,low,5,namecheap,,,17/09/2026 21:17
ad95bbac-2011-46e6-b81b-677a86daafc2,exodus.science,available,11.99,11.99,high,low,6,namesilo,,,24/09/2026 06:52
a62d0f4f-ceeb-4894-8532-0ab54661b91c,adenine.science,available,11.99,11.99,medium,low,7,namesilo,,,17/09/2026 07:24
42516098-843e-46b6-9a56-838312c8bf65,airline.science,premium,3125,,high,low,7,name.com,,,
b8e83991-086d-486f-8f53-2b4bb324e732,aken.science,available,12.98,16.98,high,low,4,namecheap,,,16/09/2026 13:08
2d50283b-2b37-415b-b9e7-45269f43ea57,novice.science,premium,3450,116,high,low,6,namesilo,,,23/09/2026 02:23
1a5e9034-f23f-4400-b2ff-777e1549e1f0,asexually.science,available,11.99,11.99,medium,low,9,namesilo,,,13/09/2026 22:03
2ad4285e-9e04-4f21-83ef-10e4c003911c,hype.science,available,11.99,11.99,high,medium,4,namesilo,,,
df58dadb-5aab-41e6-9fa0-2a46fc9e47e1,enzymatic.science,premium,437.5,62.5,medium,low,9,name.com,,,17/08/2026 10:08
36d063d9-5ee8-486e-92fe-ce562629d054,whiney.science,available,11.99,11.99,medium,low,6,namesilo,,,09/09/2026 08:35
138110c5-e09e-4333-9995-aa029f4a61f8,cathouse.science,premium,455,65,medium,low,8,namecheap,,,21/09/2026 18:24
b9e78596-907d-4ab9-a4a3-70b60570869d,libber.science,available,11.99,11.99,medium,low,6,namesilo,,,18/08/2026 01:03
7bbf0c3b-c149-4332-a27c-6a4fef63d30b,buffalo.science,available,12.98,16.98,high,low,7,namecheap,,,18/09/2026 19:11
3aaf5e5a-2e28-4cee-a665-446ca9763b36,wimp.science,available,12.98,16.98,medium,low,4,namecheap,,,24/09/2026 19:54
9944b173-50c2-4ed0-86a5-48601e10b741,invincible.science,premium,1300,130,high,low,10,namecheap,,,25/09/2026 11:10
6929355c-d070-4973-893d-fd9093c89626,persistence.science,premium,116,29.5,high,low,11,namesilo,,,
1fe8f791-30cd-4252-9303-a86c40aad659,sneeze.science,available,11.99,11.99,high,low,6,namesilo,,,
1ae7eba5-9f03-4fd0-b523-0534931a773e,wet.science,premium,640,77.35,high,low,3,namesilo,,,22/09/2026 19:43
5de2ecd8-5810-4655-870d-0fd128021811,abatement.science,available,11.99,11.99,medium,low,9,namesilo,,,16/09/2026 14:09
f14b1e76-7da7-4dd0-be0e-906d15662690,unchained.science,premium,1107,116,high,low,9,namesilo,,,12/09/2026 04:54
aa759f7b-95ce-4cf4-9c62-493570196bd7,nutbrown.science,available,11.99,11.99,medium,low,8,namesilo,,,03/09/2026 23:14
63d34092-eda3-4a8d-b4fa-f57f614ca1ef,ring.science,resell,,,high,low,4,"GoDaddy.com, LLC",30/04/2019 16:11,30/04/2027 16:11,26/09/2026 08:41
724ee273-715e-4d15-a48c-3fcbadaeeefe,billabong.science,premium,448,53.92,high,medium,9,namesilo,,,23/09/2026 16:06
664808e2-5795-4d23-b601-afa4300c8eb8,bearer.science,available,12.98,16.98,high,low,6,namecheap,,,22/09/2026 21:14
26c77a06-997c-48fa-a8a8-a809042ed720,scream.science,premium,1107,116,high,low,6,namesilo,,,
2a9e0c53-99c8-417e-9a4a-8fdc6a6119b5,ionic.science,available,11.99,11.99,high,low,5,namesilo,,,22/08/2026 09:29
de540663-6b26-4004-98e9-bf8502787856,eminently.science,available,11.99,11.99,medium,low,9,namesilo,,,14/09/2026 15:19
c4d3f946-bf25-46f4-b953-85c28a8e87e7,systematically.science,premium,125,,medium,low,14,name.com,,,
98c88170-8753-45b8-a32c-8596ddd66ac7,salary.science,premium,625,,high,low,6,name.com,,,
7ff0b805-475a-4b1e-afeb-c2c6df7eba4e,annotation.science,available,12.98,16.98,high,low,10,namecheap,,,19/09/2026 10:38
aa227790-96da-4280-a346-4485ebe04492,mckay.science,premium,448,53.92,high,low,5,namesilo,,,25/09/2026 16:25
1e91ab4e-10b1-4699-bd7c-2bb59c331d02,practices.science,premium,3250,130,medium,low,9,namecheap,,,16/09/2026 19:21
3cac5d07-5ff9-416e-a82d-29daa3710c66,boron.science,available,11.99,11.99,high,low,5,namesilo,,,20/09/2026 23:12
e6e9cb38-959c-444d-8b07-88d6924d4ebe,ledger.science,premium,3450,116,high,medium,6,namesilo,,,16/09/2026 23:06
f2e88677-9c19-4f66-878f-b11ed244f7dd,september.science,available,11.99,11.99,high,low,9,namesilo,,,
7e42a46b-44e8-4c61-8963-09419b58f10e,dozy.science,available,12.98,16.98,medium,low,4,namecheap,,,14/08/2026 18:06
06fc423d-20ba-489c-9e7f-cea019673edc,apteryx.science,premium,448,53.92,medium,low,7,namesilo,,,19/09/2026 22:37
2c97f4e2-1d51-4f7a-a0ec-3da61c39dc1e,alsatia.science,available,11.99,11.99,medium,low,7,namesilo,,,18/09/2026 14:16
180dc68c-45d0-48b7-bc34-b38900a1ef95,spoke.science,available,11.99,11.99,high,low,5,namesilo,,,25/09/2026 10:31
de16033d-40e1-4da6-bda1-cd276c9e6c1e,filar.science,available,11.99,11.99,medium,low,5,namesilo,,,18/08/2026 04:10
be3bf5b7-f929-4820-a0b8-aabb2a457c10,drapes.science,available,11.99,11.99,high,low,6,namesilo,,,17/09/2026 07:49
69df7f78-0691-4833-a559-34d2e2798613,neighborhood.science,premium,625,,high,low,12,name.com,,,
1d623a0c-d68b-4591-b6c6-b9ecbbb4c15b,roadster.science,premium,437.5,62.5,high,low,8,name.com,,,11/08/2026 08:06
80080140-de06-43d5-91b2-4c6da2d24096,laying.science,available,11.99,11.99,high,low,6,namesilo,,,25/09/2026 22:34
174ec0dc-9961-4480-be26-6f20dd6235e4,posthumous.science,available,11.99,11.99,medium,low,10,namesilo,,,09/09/2026 00:25
a0f445b0-c9fb-4b67-b5ba-41fea2f812ed,downtime.science,premium,640,77.35,high,low,8,namesilo,,,24/09/2026 23:41
f53f676a-9192-48e5-8217-97fdea1ec6bb,blabber.science,available,12.98,16.98,medium,low,7,namecheap,,,23/09/2026 11:33
266c77c9-10ce-4651-966a-0e54e9c2a14b,sordid.science,premium,116,29.5,medium,low,6,namesilo,,,10/09/2026 14:29
8b56cde1-4f59-4ba7-8b2b-81ab9fb9a6a8,ambiance.science,premium,448,53.92,high,low,8,namesilo,,,18/09/2026 16:40
a34d0070-ba18-4050-9638-140608c93f91,blown.science,available,11.99,11.99,high,low,5,namesilo,,,10/08/2026 15:36
357a14a5-24b8-4a35-824c-98603a44ddc9,lucidly.science,available,11.99,11.99,high,low,7,namesilo,,,15/09/2026 12:12
a25dab88-e0be-43b1-933f-a9395d2451c6,tenting.science,available,11.99,11.99,high,low,7,namesilo,,,23/09/2026 23:16
199ced86-a3ed-4e37-b2a7-ab458ca2f230,otic.science,available,11.99,11.99,medium,low,4,namesilo,,,07/08/2026 17:41
aff95382-362e-49d9-bc51-c69cc4dc6f1b,shiftless.science,available,11.99,11.99,high,medium,9,namesilo,,,10/09/2026 06:28
12bb3355-c656-4c43-90f7-3146dc24d326,caroline.science,available,12.98,16.98,high,low,8,namecheap,,,11/08/2026 19:29
f2b591e2-ffe5-4f2f-a724-3d59947a5861,machinist.science,available,11.99,11.99,high,low,9,namesilo,,,19/09/2026 17:14
093effc8-a918-46e1-9f99-44fa6837a93a,humphrey.science,available,11.99,11.99,high,low,8,namesilo,,,25/09/2026 14:49
4b4bee75-f1d7-43b0-9b52-5faa733522ec,astrolabe.science,available,11.99,11.99,high,low,9,namesilo,,,20/09/2026 17:43
5d1f30b4-c875-4ae1-b785-ca3ff2c464ca,styling.science,available,12.98,16.98,high,low,7,namecheap,,,17/09/2026 18:14
a189b3f5-0fcb-411c-bf1f-044c794ceb38,lobar.science,available,11.99,11.99,medium,low,5,namesilo,,,24/08/2026 08:33
3a214262-f3ec-4bab-85f3-ba0898ce2ba9,book.science,available,,,high,medium,4,,,,
5f7bbad4-acaa-4629-a6de-199207a27bc0,primarily.science,premium,1107,116,high,low,9,namesilo,,,
052af43f-5e83-4480-8ee9-5f47f7c1b315,menacingly.science,available,11.99,11.99,medium,low,10,namesilo,,,15/09/2026 14:03
d873b326-656e-4ffe-957f-0ed5ff7f0045,stria.science,available,11.99,11.99,high,low,5,namesilo,,,22/09/2026 01:18
c3f0b953-0a35-4050-960c-f9d60e228725,viable.science,premium,3125,125,high,low,6,name.com,,,17/08/2026 16:52
887ef338-e51f-437c-84c3-d37df02bc668,scarlet.science,available,11.99,11.99,high,low,7,namesilo,,,10/08/2026 15:12
dd7a91e1-4815-4281-9f66-4d8fcdb9f71d,sympathy.science,premium,625,,high,low,8,name.com,,,
1f93066f-df1c-49fb-acb3-9bbf6bcf6faa,axe.science,premium,625,,high,low,3,name.com,,,
89f5f308-21d9-47c0-b16d-7c6ac01e17a7,argil.science,available,11.99,11.99,medium,low,5,namesilo,,,20/09/2026 04:20
4e653692-6e24-45ec-b606-a8c5a7876370,balanchine.science,premium,455,65,high,low,10,namecheap,,,21/09/2026 20:54
156dce7d-a279-408a-a557-b38ce813f48d,overeasy.science,premium,448,53.92,medium,low,9,namesilo,,,16/09/2026 17:44
25b4a63b-5a7a-4345-a23f-308ba21ce070,widgeon.science,available,12.98,16.98,medium,low,7,namecheap,,,19/09/2026 02:58
009897f0-40c2-44b0-bb3f-f7b08946d0fd,auxin.science,available,11.99,11.99,medium,low,5,namesilo,,,21/09/2026 08:33
8b6fcfd8-7a50-44e6-9604-71ed0d9291eb,inpatient.science,available,11.99,11.99,medium,low,10,namesilo,,,20/09/2026 21:46
b113af20-2ee8-4008-aa64-cc3c54902a14,tending.science,available,11.99,11.99,high,low,7,namesilo,,,11/09/2026 11:15
8d9062b9-07e6-45a9-92f1-d6b8ed8a860d,aerobe.science,premium,130,32.5,medium,low,6,namecheap,,,17/09/2026 12:54
10b3ba52-a880-4074-ab2a-b3e4cdca0c79,sexist.science,premium,640,77.35,medium,low,6,namesilo,,,10/09/2026 05:14
6031bfea-5fcc-4306-87eb-20aeaef8afa1,thud.science,available,11.99,11.99,high,low,4,namesilo,,,11/09/2026 15:12
a9ef7e80-f827-4828-93d4-941a3cd667ed,antarctic.science,premium,3125,125,high,low,9,name.com,,,
756a388f-b40f-4ca4-9038-b3ba290a201e,interwoven.science,premium,437.5,62.5,high,low,10,name.com,,,22/08/2026 08:08
580b8d5b-ebb0-4f8e-8164-df3dba0555cb,saddening.science,available,11.99,11.99,medium,low,9,namesilo,,,
f20235c2-37db-41f0-9146-cec7b4ae48a4,undersexed.science,available,11.99,11.99,medium,low,10,namesilo,,,12/09/2026 07:31
48c95f44-c87c-425c-9bcd-c6045a6fe13c,variation.science,premium,625,81.25,high,low,9,name.com,,,03/09/2026 11:43
b6d70b0b-46f8-4d5d-8d68-08ed0a424fe7,bigness.science,available,11.99,11.99,medium,low,7,namesilo,,,23/09/2026 15:14
c8364e97-3bdf-4afd-8672-9214b39a719d,motivated.science,premium,1107,116,high,low,9,namesilo,,,25/08/2026 07:31
b9b2a062-df29-40fb-8133-5e6cd5516935,santo.science,available,11.99,11.99,high,low,5,namesilo,,,25/09/2026 11:17
74cc6a2b-cafd-4d1a-a987-1f48e5ffe2b2,rash.science,available,11.99,11.99,medium,low,4,namesilo,,,18/08/2026 10:31
b98e6abd-4f62-4df8-9cc2-051752cec965,browsing.science,premium,6250,,high,low,8,name.com,,,
45ab2c7d-32e0-426d-9db4-338e17e49afb,caffeine.science,premium,3250,130,high,low,8,namecheap,,,24/09/2026 11:38
3c081808-a80c-4c5e-8172-e4de82df5b37,cracking.science,premium,3125,125,high,low,8,name.com,,,08/08/2026 12:25
78f90396-94cd-4282-89ce-596c4064cbfd,stan.science,available,11.99,11.99,high,low,4,namesilo,,,
c5c04158-2a75-4b65-a863-ef9f5025a459,esthete.science,available,11.99,11.99,medium,low,7,namesilo,,,17/09/2026 13:35
187fa87e-96e8-4565-8835-c86374080d8c,lots.science,available,11.99,11.99,high,low,4,namesilo,,,
0664745a-d751-48d3-aec3-30ee1af473eb,antique.science,premium,640,77.35,high,low,7,namesilo,,,21/09/2026 22:23
c02809d1-fe4d-4f5c-ab9c-5f641936897b,dare.science,available,34.99,37.99,high,low,4,name.com,,,13/08/2026 17:51
03780793-31f8-413e-ba6b-609320353d71,morgue.science,premium,625,81.25,high,low,6,name.com,,,25/08/2026 06:42
f886d00c-636a-4c0b-9b86-7a00e945f13b,junk.science,resell,,,medium,low,4,"GoDaddy.com, LLC",17/11/2019 02:13,17/11/2026 02:13,26/09/2026 07:02
980284ce-f3ec-4218-9921-d6ec92506fec,nodded.science,available,11.99,11.99,medium,low,6,namesilo,,,18/09/2026 03:34
0eb9007c-02b0-4637-a3be-dcfb70d382a1,memorise.science,premium,437.5,,high,low,8,name.com,,,
4a92ca04-89ee-4602-88bd-ef8deb11a2e7,weary.science,available,11.99,11.99,high,low,5,namesilo,,,22/09/2026 15:10
2b1887d2-bed2-45f5-aa3b-894845c48a45,curves.science,available,11.99,11.99,medium,low,6,namesilo,,,
6032fb4b-e6eb-458d-a644-5ca79bb90abc,catenulate.science,available,12.98,16.98,medium,low,10,namecheap,,,11/08/2026 21:32
730d4db9-d1fc-4866-a702-f4992abcfc63,arpent.science,available,11.99,11.99,medium,low,6,namesilo,,,20/09/2026 08:38
a83c0c05-d4e5-4618-9995-0c207ea2884b,scorching.science,available,11.99,11.99,high,low,9,namesilo,,,09/09/2026 23:31
e516459b-47e9-4679-aac5-fa621db5de13,joey.science,available,12.98,16.98,high,low,4,namecheap,,,25/09/2026 11:16
22f10955-0674-4802-8629-392ab932c9b0,flustered.science,premium,1107,116,medium,low,9,namesilo,,,18/08/2026 09:29
5cdec941-0a54-4a48-bf30-409da85f7e99,crisply.science,premium,448,53.92,medium,low,7,namesilo,,,14/09/2026 09:37
ff92eccb-85fa-43d1-a048-27168085fb04,vegetative.science,available,11.99,11.99,medium,low,10,namesilo,,,13/09/2026 01:44
4905e529-084e-454d-89b3-eab2a4966f46,abdomen.science,premium,640,77.35,high,low,7,namesilo,,,16/09/2026 14:45
c9b2acfe-46a3-4c65-a705-6dd2b727a69f,anarchic.science,available,11.99,11.99,medium,low,8,namesilo,,,
11b33d65-00e1-45fc-98e1-0cd91e22adad,credence.science,available,12.98,16.98,high,low,8,namecheap,,,16/09/2026 21:59
ff24051d-6062-485c-b78c-4a0891e08a91,european.science,premium,3450,116,high,low,8,namesilo,,,24/09/2026 15:26
b8821c42-f41f-4311-9487-0b50235535cf,shockingly.science,available,11.99,11.99,medium,low,10,namesilo,,,16/09/2026 01:31
5dac514f-1dc6-4773-b468-f82b5e521117,phenomenal.science,premium,1300,130,high,low,10,namecheap,,,08/09/2026 18:46
94622cb9-0ec0-41b3-8016-3716d225ffd1,retraction.science,premium,640,77.35,high,low,10,namesilo,,,16/09/2026 15:59
5eab41f3-fe06-46d9-be20-4be9f436de98,dish.science,available,11.99,11.99,high,low,4,namesilo,,,19/09/2026 08:19
c267d927-a59b-4049-877e-c1092fefe4f5,illicit.science,premium,1107,116,high,low,7,namesilo,,,21/08/2026 19:50
9c3582bd-31d4-4d94-99a2-5edeaf6fd55b,cesium.science,available,12.98,16.98,high,low,6,namecheap,,,20/09/2026 23:15
dd3b8d89-63ba-4742-b1fc-a043842f2597,mired.science,available,11.99,11.99,medium,low,5,namesilo,,,25/08/2026 01:04
27c97baf-870d-46af-8917-d2003168ce77,corrupt.science,premium,650,84.5,high,low,7,namecheap,,,23/09/2026 23:53
0ad65b66-dd79-4358-a391-22e99306d7eb,kestrel.science,premium,455,65,high,low,7,namecheap,,,18/09/2026 20:14
27fc3e4c-d2ab-44c7-8954-e51676ece1db,soporific.science,available,11.99,11.99,medium,low,9,namesilo,,,21/08/2026 16:58
7cf8a12b-f515-4228-9696-4900f2acae24,aditya.science,available,11.99,11.99,high,low,6,namesilo,,,17/09/2026 08:23
328c0620-e8e5-4d97-873f-ff66ede89660,semiotic.science,available,11.99,11.99,high,low,8,namesilo,,,10/09/2026 03:13
3224b691-9f84-42eb-aafb-c8072db20c3d,harpo.science,premium,448,53.92,high,medium,5,namesilo,,,20/09/2026 11:01
fd3d0698-4cf1-4a70-be50-494c36e804c6,overside.science,available,11.99,11.99,medium,low,8,namesilo,,,15/09/2026 18:29
a973bf06-63e3-4b66-9182-239706f61ec4,fooling.science,premium,3125,125,high,low,7,name.com,,,18/08/2026 10:35
d4a45f99-381a-4086-9ec0-43e78af1a79b,atheism.science,available,12.98,16.98,high,low,7,namecheap,,,20/09/2026 20:31
b91db8c2-d04a-4700-8217-7dcf45ca8b9a,heated.science,premium,1107,116,high,low,6,namesilo,,,21/08/2026 02:17
940f80ae-4a37-4dc2-a823-9da81030ac39,tortuous.science,available,12.98,16.98,medium,low,8,namecheap,,,11/09/2026 18:01
d3ca4d9d-b97c-4fb8-a3ff-6c1e9d7aff2f,leaden.science,available,11.99,11.99,medium,low,6,namesilo,,,22/08/2026 21:44
fb8015f5-9270-43b1-ba6d-c74c3894dde2,rockers.science,premium,448,53.92,high,low,7,namesilo,,,23/09/2026 15:34
e80b757d-84b3-4634-ba72-de2cc5ee7067,taxman.science,available,11.99,11.99,medium,low,6,namesilo,,,24/09/2026 16:18
1a06d727-d182-4080-a105-b16b823e6580,immunized.science,available,12.98,16.98,medium,low,9,namecheap,,,21/08/2026 21:30
4b0ed581-d77d-4178-ad59-8747e27edc5e,tenanted.science,available,11.99,11.99,medium,low,8,namesilo,,,11/09/2026 11:09
4a1c2a91-b78f-48e8-a597-b183fa03ceb4,acetone.science,available,11.99,11.99,high,low,7,namesilo,,,17/09/2026 00:07
4237d547-638e-4dfe-8e6c-b2450e0e3b39,bagatelle.science,premium,455,65,medium,low,9,namecheap,,,21/09/2026 17:53
4ff76e75-65b0-4430-acf7-c39cac70c627,raunchy.science,premium,437.5,62.5,medium,low,7,name.com,,,09/08/2026 09:41
de4cbc44-dfc4-48c8-87cf-1373cb8422c6,acknowledge.science,premium,1250,,high,low,11,name.com,,,
d5ed16e2-1add-4ce3-83e7-0d21e5738c72,olden.science,available,11.99,11.99,medium,low,5,namesilo,,,04/09/2026 02:02
9063311c-ebc6-428a-a2dd-0e836f9ddc0a,cops.science,available,11.99,11.99,high,low,4,namesilo,,,18/09/2026 22:05
bcb41128-d11b-4f6d-b3bf-42214e671a09,selfless.science,premium,116,29.5,high,low,8,namesilo,,,22/09/2026 02:51
c4ad9262-54c8-4fa6-932a-650d7a8c6176,axletree.science,premium,448,53.92,medium,low,8,namesilo,,,21/09/2026 10:27
d436594e-9cce-453b-a3cf-45a867251a4b,teensy.science,available,11.99,11.99,high,low,6,namesilo,,,10/08/2026 08:01
856d26fe-0251-4883-b913-defaef10980b,select.science,premium,3450,116,high,medium,6,namesilo,,,22/09/2026 23:07
d34c4ad8-cc57-4ee9-a957-5344a32affd8,elliptic.science,available,11.99,11.99,high,low,8,namesilo,,,15/08/2026 17:59
c9abd809-9437-4b21-83b0-423df94c1bdb,grandfathers.science,available,11.99,11.99,medium,low,12,namesilo,,,20/09/2026 22:52
d0f90b27-0e9a-4dcb-ad79-0d285ae3b074,midmost.science,available,11.99,11.99,medium,low,7,namesilo,,,24/08/2026 22:29
3c0dad59-f0c2-4053-a810-895e4b86e229,became.science,available,11.99,11.99,medium,low,6,namesilo,,,
a30ccd2d-dc0d-4f4b-8c9e-c114a4fb405a,hindsight.science,premium,1107,116,high,low,9,namesilo,,,
c05e8ae4-d0af-4d07-8e08-46584fdf5b0e,amberbell.science,available,11.99,11.99,medium,low,9,namesilo,,,18/09/2026 16:32
491f32a4-5959-4931-8413-71b69b27ff1c,extinction.science,premium,6250,,high,low,10,name.com,,,
0b739d50-a3ef-477e-b00d-6c8581f98fa0,rhymed.science,available,11.99,11.99,high,low,6,namesilo,,,09/09/2026 16:51
65546319-84bb-4453-845f-9ed9e54dbbb0,cabins.science,available,11.99,11.99,medium,low,6,namesilo,,,20/09/2026 12:16
28ee5ffd-16d8-4fb9-9362-3a09f5fd07b1,subnormal.science,available,11.99,11.99,medium,low,9,namesilo,,,11/09/2026 00:28
f9bfc8f4-1f4f-4168-b744-98ad492d85af,erase.science,premium,3125,,high,low,5,name.com,,,
7622e325-8755-4d1d-b35e-4dc1df94e5fa,aventail.science,premium,455,65,medium,low,8,namecheap,,,21/09/2026 09:05
0e932da2-f042-496b-bdb6-951d4f19c854,tours.science,premium,625,,high,low,5,name.com,,,
742d611b-b206-4c10-8569-0ba4b9c205e2,angled.science,available,11.99,11.99,high,low,6,namesilo,,,
93e2709d-8cf1-41aa-a801-a706327e4be7,algometer.science,available,11.99,11.99,medium,low,9,namesilo,,,18/09/2026 07:11
90e70292-8e26-4717-8886-2a6dbb0ce854,critic.science,premium,625,,high,low,6,name.com,,,
368a6f36-4f62-4dc1-95c8-487522f2863f,alveolus.science,available,11.99,11.99,medium,low,8,namesilo,,,17/09/2026 22:03
f334ca62-f81c-4956-b4d4-f6c8134c3e53,scads.science,available,11.99,11.99,high,low,5,namesilo,,,14/09/2026 23:36
d45718c6-94ce-4b45-b62f-80b2f6ac77f4,catechetic.science,available,12.98,16.98,medium,low,10,namecheap,,,11/08/2026 21:25
546c82bb-5193-4cf2-a329-75488e8149e9,crumbly.science,available,11.99,11.99,medium,low,7,namesilo,,,13/08/2026 09:02
ecdb1ea5-94ba-4dc8-b263-226fc091f525,alces.science,available,11.99,11.99,high,low,5,namesilo,,,18/09/2026 03:55
0238369c-a618-40c7-9c88-cfb9b890543d,raising.science,available,11.99,11.99,high,medium,7,namesilo,,,09/09/2026 09:53
c5b6da3c-4835-4f5b-9cba-bf455d82c81a,bolivian.science,premium,116,29.5,high,low,8,namesilo,,,10/08/2026 17:46
166f0515-14cf-4661-828d-6e9226df9235,cigarette.science,premium,1107,116,high,low,9,namesilo,,,25/09/2026 04:15
88f9ab68-8747-47b7-85fe-7c050c79d0b8,weeny.science,available,11.99,11.99,high,low,5,namesilo,,,10/08/2026 08:22
3b721bf8-0957-462d-8089-07a3d9f5e5ad,gingerly.science,premium,437.5,62.5,high,low,8,name.com,,,18/08/2026 23:55
43bcb64d-4813-40c0-8500-8321573f6be6,choir.science,available,11.99,11.99,high,low,5,namesilo,,,
992790a0-24c3-4d31-b3ee-3c21af8ad095,darkling.science,available,34.99,37.99,medium,low,8,name.com,,,13/08/2026 18:16
1ff4a1c2-47fa-4e00-a580-a3e90fa2fba3,ratable.science,available,11.99,11.99,high,medium,7,namesilo,,,09/09/2026 10:31
0c7ecc7f-99a9-47fd-9c3d-0a0c6182adee,descendant.science,available,11.99,11.99,high,low,10,namesilo,,,14/08/2026 03:14
63a98f0d-c916-4f2f-b6ce-2a1251758b0a,account.science,premium,3450,116,high,low,7,namesilo,,,23/09/2026 08:11
b12112fc-d164-418f-9437-0a7ccc73af36,applaud.science,premium,116,29.5,high,low,7,namesilo,,,
345e5104-99c9-47e4-8dce-bd75accfbccb,soundproof.science,premium,448,53.92,high,medium,10,namesilo,,,10/09/2026 14:44
50691d37-38e8-46e8-8efc-8dd615743e42,overladen.science,available,12.98,16.98,medium,low,9,namecheap,,,04/09/2026 20:51
0dcc6448-733c-4e63-bd63-4d1e341187e3,members.science,available,12.98,16.98,medium,low,7,namecheap,,,25/09/2026 17:16
56510d28-d81d-4399-8ea4-0886142c10d2,paraffin.science,available,11.99,11.99,high,low,8,namesilo,,,18/09/2026 08:24
f7de18e8-5cbe-4ed8-9d86-6e01fa841d8b,supple.science,available,11.99,11.99,high,low,6,namesilo,,,23/08/2026 11:09
3529eaa2-d446-40d5-bf37-40fbaa7b78e0,foppish.science,available,34.99,37.99,medium,low,7,name.com,,,13/08/2026 17:05
f6c66ea2-3fe9-408a-b65a-9a0fa0df8d20,dinner.science,available,11.99,11.99,high,low,6,namesilo,,,
0c843ad0-6f36-4812-9375-b5b4ef89e78b,hairdryers.science,available,11.99,11.99,medium,low,10,namesilo,,,20/09/2026 13:02
505bcb17-1b41-46ff-b1af-ed256f19b388,backspin.science,premium,448,53.92,high,low,8,namesilo,,,21/09/2026 16:02
4ccfb27d-e5ed-4fa5-83dc-af4be9daf95e,witness.science,premium,3450,116,high,low,7,namesilo,,,21/09/2026 01:35
ee736ed6-54d4-4367-98f8-72f3bfea67c6,tympanic.science,available,11.99,11.99,medium,low,8,namesilo,,,11/09/2026 22:25
de82ff60-921c-4c3d-b64f-a8c0dbaa767b,hint.science,available,11.99,11.99,high,low,4,namesilo,,,24/09/2026 16:07
a79ee4fc-35a4-49dc-a293-da955a4d76f5,talisman.science,available,12.98,16.98,high,low,8,namecheap,,,19/09/2026 00:12
c128bde0-11f1-43a8-b078-0f5c54395380,torturing.science,premium,1107,116,medium,low,9,namesilo,,,
0c5d661b-cc5a-408b-8e54-0c871d6c6ee3,silence.science,premium,1300,130,high,low,7,namecheap,,,26/09/2026 00:17
cf08a671-69a7-4a03-8cdb-d5c7ff8eb85d,alchemical.science,premium,625,81.25,high,low,10,name.com,,,
498b70ef-80b4-405b-86bb-26c2146c9017,andy.science,available,11.99,11.99,high,medium,4,namesilo,,,25/09/2026 12:45
11f32510-8d5d-4a20-888b-2450d8498a43,predatory.science,premium,625,81.25,medium,low,9,name.com,,,24/08/2026 15:43
cd939d62-ab5a-404b-9f4c-0310c34f5a41,pantie.science,available,11.99,11.99,medium,low,6,namesilo,,,09/09/2026 22:40
cb4b7d5b-74ca-42f7-8b6c-e2d9c32c5c40,sulphuric.science,available,11.99,11.99,medium,low,9,namesilo,,,11/09/2026 01:27
95ae8a4c-67d5-4fba-adac-b6d316301be2,strait.science,available,11.99,11.99,medium,low,6,namesilo,,,10/09/2026 21:53
1a200980-14ec-469f-bc0b-0edb729bb8c0,architrave.science,premium,448,53.92,medium,low,10,namesilo,,,20/09/2026 02:17
8fd4c6b8-c140-4acd-8b18-2dcc301d80b6,ambrosia.science,available,11.99,11.99,high,low,8,namesilo,,,18/09/2026 17:26
fa83c293-012f-4df2-bc57-ae0344d1ea0a,sexton.science,premium,448,53.92,medium,low,6,namesilo,,,19/09/2026 10:22
dee88e77-66ad-4d27-b194-fb060dc3330e,obsolete.science,premium,3125,125,high,low,8,name.com,,,14/08/2026 13:30
d47e4291-be20-492e-8689-2f0219b3b1b4,mirish.science,available,11.99,11.99,medium,low,6,namesilo,,,16/09/2026 16:36
edbc77f5-8e89-4915-86c4-5b214ab1c15b,bicycles.science,available,34.99,37.99,medium,low,8,name.com,,,18/09/2026 23:48
c066b607-9efc-4dcd-af7e-f1c8db67ea0f,penal.science,premium,640,77.35,medium,low,5,namesilo,,,08/09/2026 13:51
910ea93e-aee7-4a85-ad25-37a179a67bd3,ptolemaic.science,available,11.99,11.99,medium,low,9,namesilo,,,09/09/2026 05:10
be58e15f-0ace-4764-a70b-22993725c2c9,blackfoot.science,premium,448,53.92,high,low,9,namesilo,,,24/09/2026 02:17
d13bd7b1-75d7-442a-8c4c-4109ca139928,clxv.science,available,11.99,11.99,medium,low,4,namesilo,,,
3dca87db-6128-4213-8cf7-5e49d6a90736,lukewarm.science,available,11.99,11.99,medium,low,8,namesilo,,,20/08/2026 22:43
43adbf6a-8f24-4a98-814a-be079387a689,enormous.science,premium,3125,125,high,low,8,name.com,,,17/08/2026 09:42
2ae9a17a-21dd-4dee-86cd-2e6401720db6,barter.science,available,11.99,11.99,high,low,6,namesilo,,,
e0f96c21-415e-4294-b798-dea18877fa44,arrest.science,available,11.99,11.99,high,low,6,namesilo,,,20/08/2026 22:54
fc5d1f2e-d464-45eb-8b4f-d9be28de7bd4,sinistral.science,available,11.99,11.99,high,medium,9,namesilo,,,10/09/2026 08:28
4a87cc8d-92e2-4a07-b3d2-35deee13f827,possibility.science,premium,640,77.35,high,low,11,namesilo,,,25/09/2026 16:40
0af8cc14-ccdc-4122-a08d-9d65ed5e98f7,bib.science,premium,640,77.35,high,low,3,namesilo,,,23/09/2026 12:42
b9d27b65-187c-4fba-9133-99f0918efa53,culturally.science,available,11.99,11.99,high,low,10,namesilo,,,14/09/2026 09:57
fcb39a0c-912d-4efd-a44f-607cbf88ec73,runic.science,premium,448,53.92,medium,low,5,namesilo,,,09/09/2026 19:35
aa1b2468-86e7-4178-a7d4-52ec16776626,anorexic.science,available,11.99,11.99,medium,low,8,namesilo,,,
1e6d19b5-c885-4d71-a132-d6c815034cee,fixedly.science,available,11.99,11.99,medium,low,7,namesilo,,,14/09/2026 18:44
f4a0ab6e-16c1-4c82-a3b7-09d35643238b,antemortem.science,available,11.99,11.99,medium,low,10,namesilo,,,
8cc9dbf8-1c34-41db-ad85-a33dda64a90b,ray.science,premium,650,84.5,high,low,3,namecheap,,,22/09/2026 19:55
5d7e0514-d3b1-4a1f-8854-588cedcdf86f,scars.science,premium,640,77.35,medium,low,5,namesilo,,,20/09/2026 11:02
8cec3c05-d3b1-465f-a32b-232bad0c09cb,inhibit.science,premium,437.5,,high,low,7,name.com,,,
9e7bbaf1-f168-4f6d-a2df-351b2aad5b32,confiding.science,premium,625,81.25,high,low,9,name.com,,,12/08/2026 20:45
97b70f83-de91-4d6d-9476-e446eb875e86,pilary.science,available,12.98,16.98,high,medium,6,namecheap,,,08/09/2026 19:40
f8ca80c0-833d-405e-9776-45843ce7f325,motion.science,available,,,high,low,6,,,,
5b0605d0-d8b1-4dc5-98de-626ad6769940,knowable.science,available,11.99,11.99,high,low,8,namesilo,,,12/08/2026 15:50
83a3d330-7091-489b-bf07-70e0251d7af1,descendent.science,available,11.99,11.99,medium,low,10,namesilo,,,14/08/2026 03:16
1f145c1e-50de-49f5-8b6a-498f94b457e5,binger.science,available,12.98,16.98,medium,low,6,namecheap,,,23/09/2026 17:33
1fe90e3a-b59e-4669-8935-52dc52c376fb,wimpy.science,available,11.99,11.99,medium,low,5,namesilo,,,13/09/2026 12:06
ca862d78-6682-4626-a59b-e7429b4c1cbf,aboveboard.science,available,11.99,11.99,medium,low,10,namesilo,,,
c294ddd2-80e5-4378-adf5-c56ba67430d9,captivated.science,available,11.99,11.99,medium,low,10,namesilo,,,09/08/2026 09:52
ca17bd6c-4b6c-4ec2-b7a4-8053eb351e38,masterful.science,available,12.98,16.98,high,low,9,namecheap,,,23/09/2026 21:35
c64fd830-3ef0-49d1-a73d-67f380e86bb3,aldose.science,available,11.99,11.99,high,low,6,namesilo,,,18/09/2026 04:38
d3455866-ae66-472a-bbef-509facc28e72,formalize.science,available,11.99,11.99,high,low,9,namesilo,,,
092ac71c-cfab-43d9-a61b-913417811f29,baseplate.science,available,11.99,11.99,medium,low,10,namesilo,,,
3688b5aa-b894-40f2-8018-4b668fac4131,bailiwick.science,premium,455,65,medium,low,9,namecheap,,,21/09/2026 19:08
b9859c21-1741-49b6-95cb-675075b6d50d,clxxv.science,available,11.99,11.99,medium,low,5,namesilo,,,
3484dbf9-73f7-470a-87e1-6a41a00e71be,engulf.science,premium,455,65,medium,low,6,namecheap,,,10/09/2026 19:51
286eadcc-4f6f-42e3-b39f-2504a118ca0d,tempering.science,available,11.99,11.99,high,low,9,namesilo,,,11/09/2026 10:56
5404efd3-c145-423e-b1a7-939ef8e7c94d,mavin.science,premium,437.5,62.5,high,low,5,name.com,,,
9a12ce8c-6b0d-4102-8f97-88fdad855b1a,butterflies.science,available,34.99,37.99,high,low,11,name.com,,,16/09/2026 12:02
32ba06b1-e943-4031-a0d8-d9c898650d0c,retreat.science,premium,125,,high,low,7,name.com,,,
61595064-8d35-431a-b253-1c22690ced96,barbed.science,available,11.99,11.99,medium,low,6,namesilo,,,08/08/2026 16:36
d57cbe7d-dae5-4338-8844-410d098173b5,testify.science,premium,1107,116,high,low,7,namesilo,,,25/09/2026 11:08
4330fbcf-ff2f-4dfe-b137-3d7ece0553cb,viviparous.science,available,11.99,11.99,medium,low,10,namesilo,,,24/08/2026 07:53
c2a76f95-3d01-4e18-959b-4be53f0f3974,berne.science,premium,116,29.5,medium,low,5,namesilo,,,23/09/2026 09:45
75a80107-cc0e-4e1c-86d0-281170232648,taipei.science,available,,,high,low,6,,,,
ebb0eeb3-9a3f-4471-92b1-14e8fc56bc47,gratified.science,available,12.98,16.98,high,low,9,namecheap,,,20/08/2026 18:24
aa876a2f-bdb3-4b5f-9c8a-175305fb9e9f,prodromic.science,available,11.99,11.99,medium,low,9,namesilo,,,09/09/2026 02:46
107cfc00-3944-49cd-ad76-c2730a8651cd,invariably.science,premium,1107,116,medium,low,10,namesilo,,,
176edf2e-05d1-4f1c-bb7c-38896b8fc321,criteria.science,premium,625,81.25,high,low,8,name.com,,,
6cf6c1fa-fc62-4df0-b09d-e45314c46e3d,brisk.science,available,11.99,11.99,high,low,5,namesilo,,,11/08/2026 00:32
36e16cd3-184e-4f06-a1da-9bd928522b1e,dahomey.science,available,11.99,11.99,medium,low,7,namesilo,,,23/09/2026 08:10
ed0e0b75-b6a9-4e39-a0c3-fccc91488af3,haired.science,available,11.99,11.99,medium,low,6,namesilo,,,20/08/2026 22:09
fb627dd2-76c2-42d7-93e7-8a9cca46df0f,baron.science,available,34.99,37.99,high,low,5,name.com,,,22/09/2026 07:01
86bed521-c5a8-444a-b492-76c8bd49cc73,dissolving.science,available,11.99,11.99,high,low,10,namesilo,,,24/09/2026 23:08
29dd5d69-6a21-4301-8751-6e86c80f6961,westcott.science,premium,437.5,,medium,low,8,name.com,,,
fce5cfd3-d9e0-4424-b232-27f00626a4ce,indemnity.science,available,11.99,11.99,medium,low,9,namesilo,,,18/09/2026 18:43
2838b872-6ccf-4f3e-883e-aefd841459b9,sixteen.science,available,11.99,11.99,high,low,7,namesilo,,,21/09/2026 11:48
caa54577-a08c-480a-aa5b-7b077eeeaeeb,searched.science,premium,640,77.35,medium,low,8,namesilo,,,18/09/2026 02:50
5d2bdf00-1950-46d8-84df-06e7a90a8174,quaintly.science,available,11.99,11.99,medium,low,8,namesilo,,,15/09/2026 22:07
faf7e4a0-dd42-466a-b0f6-8a1ab8107d19,succinctly.science,available,12.98,16.98,medium,low,10,namecheap,,,16/09/2026 07:34
4539ec49-658f-402f-8c6a-022565d51761,items.science,premium,116,29.5,medium,low,5,namesilo,,,23/09/2026 02:55
60b08b52-e010-4ac0-ae91-22b8dca8ccd6,zoological.science,premium,640,77.35,high,low,10,namesilo,,,13/09/2026 15:33
1d27b369-50bd-4cef-9ff8-47ed2ec0ead8,cumbersome.science,available,11.99,11.99,medium,low,10,namesilo,,,13/08/2026 10:25
2426b728-dcb8-47cd-b87e-6f804119c9e8,bosnian.science,available,12.98,16.98,high,low,7,namecheap,,,10/08/2026 20:21
e3a875c7-4f3e-46ca-a309-01efdb2c4135,thermic.science,available,11.99,11.99,medium,low,7,namesilo,,,11/08/2026 15:05
ab0c82fe-9545-4bb0-9afc-9c36c62c6621,ownerless.science,available,11.99,11.99,medium,low,9,namesilo,,,04/09/2026 22:18
b0b346d3-815e-4570-a4e3-0b52380b92f4,freeborn.science,available,11.99,11.99,medium,low,8,namesilo,,,18/08/2026 14:53
f39231ff-5c88-4b75-8934-0da44ed3d937,fiduciary.science,available,11.99,11.99,high,low,9,namesilo,,,18/08/2026 03:39
fa8dc432-d158-440d-85e7-62ac85f06c10,igneous.science,available,12.98,16.98,medium,low,7,namecheap,,,21/08/2026 18:16
eb1b3773-58a7-4ec2-b9f2-74919fba1078,xxiv.science,available,11.99,11.99,high,low,4,namesilo,,,
32004b8e-13ce-45b6-91ac-e70567e20043,tricolor.science,premium,455,65,medium,low,8,namecheap,,,11/09/2026 19:26
4dcb9b9a-b793-4d75-8134-a0209d4c01da,winey.science,available,11.99,11.99,medium,low,5,namesilo,,,13/09/2026 12:27
c1681fed-a5c6-4a10-be7b-54b0579ac3bf,outback.science,available,11.99,11.99,high,low,7,namesilo,,,26/09/2026 03:21
e61508c1-0cfb-401e-8dab-48d180762be9,mature.science,available,12.98,16.98,high,low,6,namecheap,,,24/09/2026 19:39
a491e679-54ca-4c0c-b4bb-7a5846eb669c,maladroit.science,available,11.99,11.99,medium,low,9,namesilo,,,24/08/2026 13:35
bf41c79a-f725-4742-b636-5843e41920b7,deadline.science,premium,1250,,high,low,8,name.com,,,
84ccd64d-cdc6-427b-bd17-3cad59ede51c,amiss.science,available,11.99,11.99,high,low,5,namesilo,,,
519beff9-83b7-410c-932b-49cd131b70aa,foreboding.science,available,11.99,11.99,medium,low,10,namesilo,,,18/08/2026 11:32
7d66afb0-4fe8-4543-aed6-29d0ddac221a,chained.science,premium,1107,116,medium,low,7,namesilo,,,12/08/2026 01:23
100d5f50-14b7-4af6-b572-5c83895fae51,ravishing.science,available,11.99,11.99,high,low,9,namesilo,,,09/09/2026 10:42
5d201e44-bb38-4c20-bdae-2b92ee928afe,lyndon.science,available,12.98,16.98,medium,low,6,namecheap,,,25/09/2026 16:09
c17fbf66-1383-4b6c-b429-d70bab6fed55,adorably.science,available,11.99,11.99,medium,low,8,namesilo,,,13/09/2026 17:21
3c35e2ac-c266-421c-90fe-ae776569df86,arguer.science,available,11.99,11.99,medium,low,6,namesilo,,,20/09/2026 04:46
8c266a19-6135-4bba-a1e5-0e110a69137d,wristband.science,premium,448,53.92,high,low,9,namesilo,,,24/09/2026 07:49
133591d8-a751-4a9e-9cdd-e37c1b13acd5,bight.science,premium,455,65,medium,low,5,namecheap,,,23/09/2026 15:12
e131447b-3c92-42f3-bc31-6ff4a3209990,unwilling.science,premium,1107,116,medium,low,9,namesilo,,,12/09/2026 22:40
05716faa-dbed-42f7-8e1f-890216591f8f,dew.science,premium,625,,high,low,3,name.com,,,
19438b31-3cd5-4545-b3fd-8d66e259db7a,cerise.science,premium,437.5,62.5,medium,low,6,name.com,,,10/08/2026 15:04
b360ef69-0c0a-400e-a243-0c7fe069e103,anything.science,premium,6250,,high,low,8,name.com,,,
bc521315-df30-4135-933f-25213c3d9e5c,gather.science,premium,1300,130,high,medium,6,namecheap,,,23/09/2026 20:27
d7acbe2e-13c8-46c3-a794-5daef6d4131c,clannish.science,available,11.99,11.99,medium,low,8,namesilo,,,12/08/2026 09:35
47c5309a-1234-4578-a224-9ac420637bc9,silenced.science,premium,1107,116,high,medium,8,namesilo,,,10/09/2026 08:05
c91bd925-11bf-4fd9-9b18-80083924cb4f,alberta.science,available,11.99,11.99,high,low,7,namesilo,,,18/09/2026 02:45
2dcde58a-a137-4468-9c78-9bedb045f6c3,dateless.science,available,34.99,37.99,medium,low,8,name.com,,,13/08/2026 18:42
e5daa438-96f9-49b5-ad1e-027027a7a887,banging.science,premium,3125,125,high,low,7,name.com,,,08/08/2026 13:03
727ca581-d758-47c3-879f-438126da4429,coins.science,premium,116,29.5,high,medium,5,namesilo,,,16/09/2026 08:35
a8b44f98-fb2d-4746-844d-125cd73a320f,artificer.science,available,11.99,11.99,high,low,9,namesilo,,,20/09/2026 11:38
4f0efda8-b4ff-4f13-9e25-c946624942ba,beefeater.science,premium,448,53.92,medium,low,9,namesilo,,,23/09/2026 01:09
f596b303-c509-4d25-8168-6f2c8cef200a,berry.science,available,12.98,16.98,high,low,5,namecheap,,,23/09/2026 10:10
e8390adb-81a1-425a-b1c4-1a01723b5ff8,gad.science,premium,640,77.35,high,low,3,namesilo,,,19/09/2026 15:59
b58b3cea-eafb-4e20-b9b5-3a83072bfeb2,generously.science,available,12.98,16.98,high,low,10,namecheap,,,14/09/2026 21:14
cf19a2a6-b69e-4789-97cd-672d78e74177,blackwater.science,available,11.99,11.99,medium,low,10,namesilo,,,24/09/2026 03:24
849f3195-635f-4426-a46f-bb2b35474e1b,trials.science,premium,3450,116,high,low,6,namesilo,,,18/09/2026 17:43
98bb7002-9af5-464c-8652-a9f03702852d,affliction.science,premium,116,29.5,medium,low,10,namesilo,,,17/09/2026 14:39
c9d1a1e6-cb5f-4070-8343-bd86b97383a8,sesotho.science,available,11.99,11.99,medium,low,7,namesilo,,,22/09/2026 13:00
6ae23fcc-656d-4154-8b1a-1b5cacfbfd16,thursday.science,available,16.98,,high,low,8,namecheap,,,
f1ca4000-e4af-4490-b5f2-e3742f4f5e50,progressing.science,premium,3125,,medium,low,11,name.com,,,
e34dccab-0b69-4fe7-ae42-18cb4dc75aae,tipple.science,premium,448,53.92,medium,low,6,namesilo,,,23/09/2026 12:44
45de27e4-a2ae-4430-b92d-87ddd8c9b18c,pickings.science,available,11.99,11.99,high,low,8,namesilo,,,11/09/2026 07:21
d049c7ad-7052-4cf9-a83f-23736a5b36ad,linchpin.science,available,11.99,11.99,high,low,8,namesilo,,,21/09/2026 15:17
994a01e3-02e3-4572-86e5-d08abeff5ef3,aerogram.science,premium,448,53.92,medium,low,8,namesilo,,,17/09/2026 13:04
df5a7b9a-68b4-4aa0-9fe0-590cce900898,argonne.science,premium,448,53.92,medium,low,7,namesilo,,,20/09/2026 04:36
30930e71-2ea6-4d00-ac39-a8daf030645e,mossy.science,premium,437.5,62.5,high,low,5,name.com,,,18/08/2026 10:02
50242762-221b-4f24-b708-808ba7b1a8aa,anglesea.science,available,11.99,11.99,medium,low,8,namesilo,,,19/09/2026 06:27
28b2d544-470b-41e9-8a32-53124e6a2054,walkabout.science,premium,437.5,,high,low,10,name.com,,,
d2b206c0-b6df-44b1-9ca8-e5513e69ff0b,fledgling.science,available,11.99,11.99,high,low,9,namesilo,,,11/08/2026 14:45
0ea5eec1-38aa-46b9-9dea-56e577c77004,wastes.science,available,12.98,16.98,medium,low,6,namecheap,,,17/09/2026 07:45
d34e4dd2-7878-4c79-9964-2364802a6e59,fantasy.science,premium,1107,116,high,low,7,namesilo,,,24/09/2026 16:36
6685dd76-049f-4585-bdd7-3caaaaa940f9,skywards.science,premium,448,53.92,medium,low,8,namesilo,,,10/09/2026 09:51
ecd2d0e5-780a-4ad8-b369-ccb9d6efdb9d,orange.science,resell,,,high,high,6,"Chengdu West Dimension Digital Technology Co., Ltd.",01/11/2015 10:53,31/10/2027 23:59,26/09/2026 07:56
ccd710c0-0da0-4223-b0c1-53037e4ff475,grad.science,available,11.99,11.99,high,low,4,namesilo,,,20/08/2026 17:53
052043dc-c066-4cf9-8bd4-160415aa1b27,doodlebug.science,premium,448,53.92,high,low,9,namesilo,,,19/09/2026 12:18
56f9303e-5cc2-4b15-8057-e2d68bd614ee,hollyhock.science,premium,448,53.92,medium,low,9,namesilo,,,18/09/2026 14:54
4c9b2bb3-4149-4743-8bf1-9a1cf9e4905d,airs.science,available,11.99,11.99,high,low,4,namesilo,,,17/09/2026 23:21
2ef6a4d9-2da6-4720-87ac-adc970e96a4b,happened.science,available,12.98,16.98,medium,low,8,namecheap,,,25/09/2026 20:05
b5816028-0abb-436f-97ce-92cb4f1bfe0e,armoured.science,premium,437.5,62.5,high,low,8,name.com,,,06/08/2026 20:10
b5b3d5d1-6f60-4ebd-ada4-767703f4a50f,kenalog.science,premium,448,53.92,medium,low,7,namesilo,,,20/09/2026 05:49
a6e840dc-9e08-43c6-a6ee-2e44b538b54b,pelagic.science,available,11.99,11.99,high,low,7,namesilo,,,04/09/2026 00:27
5444240f-4782-4f7d-8edf-3737b9309022,arsenide.science,available,11.99,11.99,medium,low,8,namesilo,,,20/09/2026 09:41
9d7044b5-d893-4ce5-bd43-7fe1e77f0aef,anshar.science,available,12.98,16.98,medium,low,6,namecheap,,,19/09/2026 12:12
09f93b4c-0da8-4363-be2c-0fd828a0f43b,aircraft.science,premium,6900,116,high,low,8,namesilo,,,17/09/2026 23:03
0471a5e0-6f09-40a5-83e8-52e9f7a50882,blackcap.science,available,11.99,11.99,medium,low,8,namesilo,,,23/09/2026 23:42
97299c5e-a52f-4266-a872-50b61cc614ba,input.science,premium,1107,116,high,low,5,namesilo,,,19/09/2026 11:49
455718d8-1bc0-41e0-84a1-633a1ceff34c,depressing.science,premium,1107,116,medium,low,10,namesilo,,,12/08/2026 03:50
b50d4267-f62e-4d21-8294-823f79b4fa12,sneezes.science,available,11.99,11.99,medium,low,7,namesilo,,,20/09/2026 09:46
d0150d55-98dc-4c7a-b447-b2302346345b,france.science,available,,,high,high,6,,,,
44a7380f-1384-4579-895e-d6428e35deaa,pills.science,available,11.99,11.99,medium,low,5,namesilo,,,20/09/2026 04:26
9a6f1b5d-0b11-4343-aea3-fc32352842aa,set.science,premium,650,84.5,high,low,3,namecheap,,,22/09/2026 19:35
9aa261c2-da82-4327-9a98-66e29f01ddbf,volary.science,available,12.98,16.98,medium,low,6,namecheap,,,21/09/2026 09:24
66872f11-839c-4426-b645-2d0310a6de7f,gidgee.science,available,12.98,16.98,medium,low,6,namecheap,,,16/09/2026 20:01
62276161-327c-431d-974f-a4fc8e6ea4cf,xxviii.science,available,11.99,11.99,medium,low,6,namesilo,,,
15288c93-433d-425f-aca5-8a4617bc366b,jingly.science,available,11.99,11.99,medium,low,6,namesilo,,,22/08/2026 13:29
e2a73f7d-a8e4-433a-b511-1a07577096d7,incline.science,premium,437.5,,high,low,7,name.com,,,
7cc38a94-8da3-4c78-893b-7f2c183222e3,unclutter.science,available,11.99,11.99,high,low,9,namesilo,,,12/08/2026 10:28
8de1f390-6bba-4d8e-ad0a-261438f5f0a7,informed.science,resell,,,high,low,8,Porkbun,12/06/2016 15:06,11/06/2027 23:59,26/09/2026 06:52
9e80de7d-39cd-4713-9fe1-1d60d7d4169f,superhero.science,premium,3125,125,high,low,9,name.com,,,16/09/2026 20:24
e4bca2c9-d357-48af-b032-a82ac419d8ab,lunatic.science,available,34.99,37.99,high,low,7,name.com,,,13/08/2026 17:47
6576182f-68dd-4d46-bd74-29b9b6eee85c,chihuahua.science,premium,116,29.5,high,low,9,namesilo,,,24/09/2026 14:33
44207e5b-d137-409d-9ade-b91d9fe62a64,overstatement.science,available,16.98,,medium,low,13,namecheap,,,
42e82cf3-3319-4753-8614-ff466a5d4a7a,unnatural.science,premium,3125,125,medium,low,9,name.com,,,
28b4bb9d-f052-45b3-b282-48a4896e32e8,superb.science,premium,3250,130,high,low,6,namecheap,,,23/09/2026 09:28
1ecf5792-b706-4e19-858f-580cccdccec2,replying.science,available,11.99,11.99,medium,low,8,namesilo,,,18/09/2026 12:55
1e66797c-c5c5-491c-a758-14c87f6f4f15,moated.science,available,11.99,11.99,medium,low,6,namesilo,,,25/08/2026 02:14
6dd20699-ec01-4d01-96ed-deab6bd78a43,oddish.science,available,11.99,11.99,medium,low,6,namesilo,,,04/09/2026 00:50
af043f50-59a6-4635-ad69-f356a2960157,tarsal.science,available,11.99,11.99,medium,low,6,namesilo,,,11/09/2026 08:42
d4fd3b90-cba7-4088-b563-375d2dd4b880,antilles.science,premium,448,53.92,high,low,8,namesilo,,,19/09/2026 14:37
3f6b4928-6cb5-4c9f-9b59-c66b0c10158a,unrevealed.science,available,11.99,11.99,medium,low,10,namesilo,,,12/09/2026 08:09
4fed6353-2860-41de-bb9a-64e4a870ed39,package.science,premium,116,29.5,high,low,7,namesilo,,,24/09/2026 07:42
d21aad1f-2b5c-47a4-994a-ba06257f8d1b,jon.science,premium,640,77.35,high,low,3,namesilo,,,25/09/2026 14:02
bcea437c-2c8a-43ac-bb56-80d5e8d85415,corporal.science,premium,625,81.25,high,low,8,name.com,,,13/08/2026 01:52
c8d4e065-ad8f-42a2-8bfc-adbf8775fd37,refuse.science,premium,1107,116,high,low,6,namesilo,,,25/09/2026 22:50
39c6b632-db7a-4ca2-a28f-9ec08521d118,levine.science,available,11.99,11.99,medium,low,6,namesilo,,,25/09/2026 16:14
daf7f134-58ba-4fb5-babb-55f3901ae83d,demanding.science,premium,1107,116,high,low,9,namesilo,,,14/08/2026 01:06
ee8be8a3-41e6-4367-bcde-762a8f43b4a1,silverbush.science,available,12.98,16.98,medium,low,10,namecheap,,,19/09/2026 14:04
aea3cbf6-0743-48d4-9694-37066e2c057b,slew.science,available,11.99,11.99,high,low,4,namesilo,,,25/08/2026 00:42
b40d0914-17d1-46d7-b518-881fbcb571b9,definitive.science,premium,12500,125,high,low,10,name.com,,,12/08/2026 09:45
d47ddadc-7d9b-4c24-a0e5-c25556848d98,glamour.science,premium,116,29.5,high,low,7,namesilo,,,21/08/2026 07:43
82242f0f-bbed-45fa-8989-f9b7bb6fedcd,please.science,premium,3250,130,high,low,6,namecheap,,,15/09/2026 20:27
7be9163a-7462-4332-9309-53f4dfcf928b,northbound.science,available,12.98,16.98,high,low,10,namecheap,,,03/09/2026 21:29
4eed13e9-7648-4169-866a-a45926cc2102,beryllium.science,available,34.99,37.99,high,low,9,name.com,,,20/09/2026 23:00
3fc163d2-1728-435d-bd36-991f3c342dbd,philips.science,available,11.99,11.99,high,medium,7,namesilo,,,
16eb505e-4f91-4f6c-89db-c8bc180a33e9,hepworth.science,premium,448,53.92,medium,low,8,namesilo,,,22/09/2026 04:23
23ab64d3-b855-420a-8722-94f3c8289e30,sedentary.science,premium,640,77.35,medium,low,9,namesilo,,,10/09/2026 01:36
987a1a0b-716e-4b59-9380-66e17d945c4a,contact.science,available,,,high,medium,7,,,,
70d8fc97-7767-4adc-9c7d-3f09a905f78a,collide.science,premium,640,77.35,high,low,7,namesilo,,,24/09/2026 15:18
10029513-e1e9-488b-93a0-e6cf5577e919,tabu.science,available,11.99,11.99,high,low,4,namesilo,,,18/08/2026 11:04
5e292ba0-d622-4cee-99b2-aa2bc1c7eabf,oysters.science,premium,640,77.35,medium,low,7,namesilo,,,20/09/2026 03:31
bd70ecd3-a077-4ca2-ac0f-81efc81fcd20,diluted.science,available,11.99,11.99,medium,low,7,namesilo,,,14/08/2026 07:45
4eda4756-112e-4627-a9c1-f638b6a6b253,treasure.science,premium,116,29.5,high,low,8,namesilo,,,
68bf8242-1619-4b74-90e5-4a8cf7337dd0,ruled.science,available,16.98,,high,low,5,namecheap,,,
0c381b82-f1ef-47e6-9cf7-814252cea6ac,benzoin.science,available,11.99,11.99,high,low,7,namesilo,,,20/09/2026 12:33
0f703971-d100-4098-bee4-1aa95a118d76,lxi.science,premium,625,81.25,medium,low,3,name.com,,,
2f0b35a9-9c7e-484b-bca8-8bfbde98c9b7,leprous.science,available,11.99,11.99,medium,low,7,namesilo,,,23/08/2026 00:12
ee30f5e7-5e0e-478f-9696-20fc499c043a,zealously.science,available,11.99,11.99,medium,low,9,namesilo,,,16/09/2026 11:50
a120ee77-81b2-48df-9359-ba3a010b0b01,powdery.science,available,11.99,11.99,medium,low,7,namesilo,,,18/08/2026 04:39
335b4567-e985-4a4c-8c4a-8d86f8f16020,arachnida.science,available,11.99,11.99,medium,low,9,namesilo,,,19/09/2026 23:41
528b2506-2dc6-418f-a34c-c909e5f0e81e,involute.science,available,11.99,11.99,high,low,8,namesilo,,,22/08/2026 09:12
a313bc23-2681-47ea-bae3-63c660f7c171,nobleman.science,available,12.98,16.98,high,low,8,namecheap,,,03/09/2026 18:00
5c31fb4d-d45e-4c3b-b46b-3d8b96c1bd30,amiably.science,available,12.98,16.98,medium,low,7,namecheap,,,13/09/2026 17:50
8dd1633e-a4d5-49ee-8b3b-026372f71582,parabolic.science,premium,448,53.92,high,medium,9,namesilo,,,05/09/2026 01:45
ea8aa21b-d077-4261-a482-9a1c57edfdf4,introspections.science,available,11.99,11.99,medium,low,14,namesilo,,,
596411c6-1946-4358-bea3-3af145d8e70c,hassium.science,available,12.98,16.98,medium,low,7,namecheap,,,20/09/2026 22:10
04993db2-d209-468d-94f1-fdc8030afb9c,nameless.science,premium,1107,116,high,low,8,namesilo,,,03/09/2026 12:53
74250484-0dd8-4fad-a9e2-606cf45a02d9,bailee.science,available,12.98,16.98,medium,low,6,namecheap,,,21/09/2026 19:04
a6b66832-f6e7-4738-9f58-5969d1eee818,munchausen.science,available,11.99,11.99,medium,low,10,namesilo,,,22/09/2026 07:14
ff6db93b-20a9-47d0-b2f2-736696d235df,bleeder.science,premium,130,32.5,medium,low,7,namecheap,,,24/09/2026 05:24
6198a359-2ada-4913-9970-b4278e6583cc,glassy.science,premium,437.5,62.5,high,low,6,name.com,,,20/08/2026 14:12
da5cccfb-96c6-4891-a533-5e3d1e953b37,honour.science,premium,3450,116,high,low,6,namesilo,,,16/09/2026 22:47
a27fd9dc-7c86-49f2-9f4d-2a6b4166b2fe,redly.science,available,11.99,11.99,medium,low,5,namesilo,,,15/09/2026 22:51
869f3b87-0a3c-4f9e-9f6f-72b31ba75285,darter.science,premium,448,53.92,medium,low,6,namesilo,,,19/09/2026 08:19
1fd1a02b-f2e8-4da9-aa3c-e6bb0cb507c3,gladsome.science,available,11.99,11.99,high,low,8,namesilo,,,19/08/2026 00:13
9e66678b-c586-4c06-b7cc-21b6406450c7,pertinent.science,premium,1107,116,high,low,9,namesilo,,,06/08/2026 07:59
ea3b5d2f-0208-4a8b-b154-2302aa25ab4f,toiling.science,available,12.98,16.98,medium,low,7,namecheap,,,14/08/2026 20:00
5251c3b5-591b-4dd2-b9ba-f681ddeef09e,annulment.science,available,11.99,11.99,medium,low,9,namesilo,,,16/09/2026 17:16
7a421dc6-29a7-40aa-a65e-f0aa3d034d8d,beefsteak.science,premium,448,53.92,high,low,9,namesilo,,,23/09/2026 01:15
76ac688f-a791-4130-9909-22833e32ad73,debauched.science,available,34.99,37.99,medium,low,9,name.com,,,13/08/2026 20:14
27d37826-e7c1-41fc-9753-f9bee222575e,amino.science,premium,625,81.25,high,low,5,name.com,,,
1ecbf019-72e4-42a2-b084-7d3f32199ef1,verdin.science,available,11.99,11.99,medium,low,6,namesilo,,,21/09/2026 04:27
f420ace7-aa3d-4228-a1df-af60c33ed176,deft.science,available,11.99,11.99,high,low,4,namesilo,,,13/08/2026 23:50
47705ff4-09bc-42db-94c5-0558426502ea,stray.science,premium,1107,116,high,low,5,namesilo,,,25/09/2026 11:32
efa8b15a-0346-4cbc-8c26-13b8e453dd7b,burnish.science,available,11.99,11.99,high,low,7,namesilo,,,08/09/2026 23:02
a244e126-bf25-4580-9e8c-dfd97fa5cc44,pounds.science,available,11.99,11.99,medium,low,6,namesilo,,,18/09/2026 01:51
c243b259-e615-4993-bfee-81bbcfd6c91a,oak.science,premium,625,,high,low,3,name.com,,,
8b66a72b-4946-4c95-b84f-89e441461528,apsis.science,premium,448,53.92,medium,low,5,namesilo,,,19/09/2026 22:40
79413342-8e06-4bdf-91ec-00d1104b7949,atrial.science,available,11.99,11.99,low,low,6,namesilo,,,07/08/2026 14:24
ba3df790-52c2-4249-8011-003191b54efa,clanking.science,available,11.99,11.99,medium,low,8,namesilo,,,12/08/2026 09:33
1108626b-8bb9-4ec8-88e4-2b551392486a,retro.science,premium,1107,116,high,medium,5,namesilo,,,24/09/2026 15:44
da09e404-49e0-4dc7-81a1-e35050dcff87,saleable.science,available,12.98,16.98,high,medium,8,namecheap,,,09/09/2026 20:51
755fbbc8-cc48-4413-8f73-f4315269b8c3,okay.science,available,11.99,11.99,high,low,4,namesilo,,,22/09/2026 01:07
aebf1a5f-8c98-4fba-b1db-dbdd41c6c4c9,benefactor.science,available,12.98,16.98,high,low,10,namecheap,,,23/09/2026 07:53
95132bf0-76eb-408a-9422-65267de00e31,bangle.science,available,34.99,37.99,high,low,6,name.com,,,22/09/2026 01:57
efe1b329-11dc-4218-aa70-deea02422754,alligator.science,premium,116,29.5,high,low,9,namesilo,,,
03c2a69d-949f-4b62-8445-f073bdb7a0fa,essential.science,premium,116,29.5,high,low,9,namesilo,,,22/09/2026 00:42
b8c89edb-ebe1-4205-9e22-cbd9956825c4,vitaliser.science,available,11.99,11.99,medium,low,9,namesilo,,,19/09/2026 09:12
c4d4400f-44d9-4134-a673-63d4597a23f4,northampton.science,premium,116,29.5,high,low,11,namesilo,,,25/09/2026 14:57
ca73ef1e-ac7e-40c8-a741-cf47f4921057,whacking.science,premium,116,29.5,medium,low,8,namesilo,,,13/09/2026 11:09
fefef95f-a61d-47bf-a0f2-16466ba08a7c,randoms.science,premium,455,65,low,low,7,namecheap,,,19/09/2026 22:13
e0a535d9-3b78-483a-921e-c18c1d3702fb,dilettante.science,available,11.99,11.99,medium,low,10,namesilo,,,14/08/2026 07:38
ffe76aeb-1dec-470a-84d9-a06e9f1613ab,unwrapped.science,premium,448,53.92,medium,low,9,namesilo,,,12/09/2026 22:53
31804ef4-dda1-4a6f-a932-f881acd24507,windup.science,available,11.99,11.99,high,low,6,namesilo,,,13/09/2026 12:18
edcc0227-3ea5-46c8-8c45-d967fbe11710,esfahan.science,premium,116,29.5,medium,low,7,namesilo,,,20/09/2026 14:33
6c1c7294-a602-4445-a208-193c10651209,uncaring.science,available,11.99,11.99,medium,low,8,namesilo,,,12/09/2026 00:02
24dad436-ecd9-49d9-a0ee-647759d1c947,barbwire.science,premium,448,53.92,medium,low,8,namesilo,,,22/09/2026 04:47
2e9047f8-34fd-41d4-905c-0e4b58cb3691,incestuous.science,available,11.99,11.99,medium,low,10,namesilo,,,22/08/2026 01:12
1892d1cc-3909-4708-8f19-58e4f9172f92,generally.science,premium,1107,116,high,low,9,namesilo,,,
82be0e84-6fb1-4d3c-9e38-55959c9d4876,tidily.science,available,12.98,16.98,medium,low,6,namecheap,,,16/09/2026 09:05
a435ca0e-6c0a-4093-a6b0-71dfcbaa9c0f,hackneyed.science,available,11.99,11.99,medium,low,9,namesilo,,,08/08/2026 10:56
8c9021c7-67fd-4811-89d7-a5716511ea67,while.science,available,11.99,11.99,high,low,5,namesilo,,,
8fdb74e6-e98e-405f-bdb4-c7b563df7731,deletion.science,available,12.98,16.98,high,low,8,namecheap,,,24/09/2026 21:34
3def214a-0514-410f-b8a2-b902d61fa6d8,biblical.science,premium,12500,125,medium,low,8,name.com,,,09/08/2026 18:53
aacb6db0-9c0d-4b8c-b18d-7b012f848432,disclosure.science,premium,1250,,high,low,10,name.com,,,
bd8df8f8-a71e-47c3-8f04-45ed67a05f4c,jovially.science,available,11.99,11.99,medium,low,8,namesilo,,,15/09/2026 09:51
6baf12c1-841b-4bfe-8fd2-a74ede669fff,encysted.science,available,11.99,11.99,medium,low,8,namesilo,,,17/08/2026 00:44
4056ae86-0f12-41dc-ade6-5dc18c1454ad,analogist.science,available,11.99,11.99,medium,low,9,namesilo,,,19/09/2026 01:52
105a95d5-d966-47ab-94f6-a38ff9837040,finable.science,available,11.99,11.99,medium,low,7,namesilo,,,18/08/2026 04:28
7054fe2a-8fc5-4af3-b1bb-7592b1a9baf7,picking.science,available,12.98,16.98,high,low,7,namecheap,,,25/09/2026 09:58
08a188d6-4646-497e-8907-de102dcc8470,influenced.science,premium,3125,,high,low,10,name.com,,,
6a2a9b46-03d6-4ac3-a848-b3e0186c3931,cadenced.science,available,11.99,11.99,medium,low,8,namesilo,,,11/08/2026 12:46
0beff59a-eb2d-4a3a-9286-c8b67820903d,majors.science,premium,640,77.35,high,low,6,namesilo,,,23/09/2026 14:46
1a71ff8a-eda9-46b9-bbb3-4471558f5d0b,filming.science,premium,625,,high,low,7,name.com,,,
9d2fc264-1b35-4e1b-a824-aec5fb115f31,wiring.science,premium,116,29.5,high,low,6,namesilo,,,
5d5fee6c-92ec-4848-8492-a43bea29457b,unpaved.science,available,11.99,11.99,medium,low,7,namesilo,,,12/09/2026 16:34
47ff25f5-317c-4d3f-8f40-61d29089edff,trippingly.science,available,11.99,11.99,medium,low,10,namesilo,,,15/09/2026 11:20
aea76089-33de-43f5-b1b6-391e41d2b6e7,translunar.science,available,11.99,11.99,medium,low,10,namesilo,,,11/09/2026 02:19
1ec802d8-c948-4933-9548-ac439df529f2,spurting.science,available,11.99,11.99,medium,low,8,namesilo,,,22/08/2026 13:13
83ea6dfa-1409-4442-ad62-f80b817bbf29,monophonic.science,available,11.99,11.99,medium,low,10,namesilo,,,25/08/2026 04:55
1ed76ac8-5f5f-488e-b886-9638df9cec45,indelible.science,available,11.99,11.99,high,low,9,namesilo,,,22/08/2026 02:37
f1c0cf86-1abf-4821-b310-e1f1a549fd6a,chan.science,available,11.99,11.99,high,low,4,namesilo,,,25/09/2026 11:12
cd540800-fa93-473b-8946-1f3a2b16a2b2,matey.science,premium,437.5,62.5,medium,low,5,name.com,,,12/08/2026 07:40
3ea28374-2de8-4f2c-b968-ab6d3fd9b0e9,beecher.science,available,34.99,37.99,medium,low,7,name.com,,,23/09/2026 00:12
babccec4-9cb8-4d29-9233-0e86514be338,activity.science,premium,625,,high,low,8,name.com,,,
e6a863c7-0474-470e-bdae-c982dba3eb09,josiah.science,available,12.98,16.98,medium,low,6,namecheap,,,27/09/2026 01:34
90268b2e-ee43-4ff8-8bf9-9245b346d007,unworthy.science,premium,625,81.25,medium,low,8,name.com,,,14/08/2026 04:05
4b1efebe-ad06-4cc2-a880-c0d04b393aa1,basket.science,available,11.99,11.99,high,low,6,namesilo,,,
6f78c394-3063-427b-bb54-54daf6c3c0a2,traveller.science,available,11.99,11.99,high,low,9,namesilo,,,
a649a23e-5aca-41ad-b934-574ed75e4b2a,alky.science,available,11.99,11.99,medium,low,4,namesilo,,,
f87c5016-2cce-4996-a5fc-94ee1f6ed96a,tasseled.science,available,11.99,11.99,medium,low,8,namesilo,,,11/09/2026 08:52
b2f9a262-38e6-4120-ad5d-38f2d8f770f3,tippy.science,available,11.99,11.99,high,low,5,namesilo,,,13/08/2026 04:55
ef041c9c-d097-48e6-9b52-a936a66c7d98,aberdonian.science,available,11.99,11.99,medium,low,10,namesilo,,,
9fb82b5a-4804-4f0d-939f-be93b7c826eb,gobs.science,available,11.99,11.99,high,low,4,namesilo,,,14/09/2026 23:34
a8abad6b-9319-4144-af23-23f47d987643,attribute.science,premium,1107,116,high,low,9,namesilo,,,21/09/2026 02:16
4b0051be-8937-4aa5-ac57-2effcec3e24e,wealthy.science,premium,1107,116,high,low,7,namesilo,,,21/09/2026 21:57
34c14cf2-ef13-46a3-9ac8-0f31eb385641,mayoral.science,premium,437.5,62.5,high,low,7,name.com,,,24/08/2026 18:00
80275231-5a76-430f-bcbe-1b8baf801a6f,distributed.science,premium,1107,116,high,low,11,namesilo,,,
8e63ac79-794f-4b82-b748-b4207e8f19e8,nutcase.science,premium,625,81.25,medium,low,7,name.com,,,13/08/2026 05:36
b0760fdf-f9e5-4a2a-b546-0a5817713c2e,meld.science,available,12.98,16.98,high,low,4,namecheap,,,22/09/2026 11:20
b4ee099e-280a-4ac2-9ac8-1b766da6290d,supporter.science,premium,130,32.5,high,low,9,namecheap,,,22/09/2026 10:07
cf22d26c-4d77-417f-b498-918a5e07b661,appendage.science,available,12.98,16.98,high,low,9,namecheap,,,19/09/2026 20:35
6d7e92cd-6cc7-48d9-b176-5791a77a9ef5,shaded.science,available,11.99,11.99,high,low,6,namesilo,,,10/09/2026 05:23
3dbe2cd1-1dad-410f-bb1b-ff43ac5693d0,parenteral.science,available,11.99,11.99,medium,low,10,namesilo,,,08/09/2026 01:19
6814fdf1-3788-4b3e-a8a2-b904c2369c97,associate.science,premium,1107,116,high,low,9,namesilo,,,07/08/2026 06:50
c82b3a47-048d-441d-bb86-52a722595e3f,abattoir.science,available,12.98,16.98,medium,low,8,namecheap,,,16/09/2026 14:13
e94f5207-bf4d-4b5f-900c-e0eb6bd80143,columbian.science,premium,125,37.99,medium,low,9,name.com,,,12/08/2026 18:12
f606ab91-44f1-42b9-b986-6c38a5122ba0,azalea.science,premium,448,53.92,high,low,6,namesilo,,,21/09/2026 11:00
4e74b480-0cde-410a-9209-955043463dff,freak.science,premium,3450,116,high,low,5,namesilo,,,17/09/2026 06:50
d6d82ef1-7d0c-493d-bcda-87599980cdd6,fernando.science,available,11.99,11.99,high,low,8,namesilo,,,25/09/2026 14:20
e04aa7ac-7340-45a1-abb8-c24ec541ce1f,bearings.science,available,11.99,11.99,medium,low,8,namesilo,,,20/09/2026 03:51
543f526a-47b4-40ce-95dd-5ab787ce101f,rollover.science,premium,448,53.92,high,low,9,namesilo,,,16/09/2026 17:22
5a19a4f0-6664-43ce-99b9-ce3929383279,boomer.science,available,11.99,11.99,high,low,6,namesilo,,,21/09/2026 13:18
a51c1292-167d-4f14-9afe-b419516a9dc6,glossy.science,premium,437.5,62.5,high,low,6,name.com,,,11/08/2026 14:10
6320a699-59f5-49f2-8248-285aa4cba0a8,floral.science,premium,3125,125,high,low,6,name.com,,,18/08/2026 08:54
68543c1a-7789-4121-b21d-62b890172f65,brunette.science,available,11.99,11.99,high,low,8,namesilo,,,11/08/2026 06:56
e359e33b-c3d8-4806-aecc-94208ba13a1b,glove.science,available,11.99,11.99,high,low,5,namesilo,,,
05642440-cdb7-495d-937d-2247a4ddc8f1,blaster.science,premium,455,65,high,low,7,namecheap,,,24/09/2026 04:22
93dbd846-40c5-463c-accf-e12b103f55f1,staring.science,available,12.98,16.98,high,low,7,namecheap,,,21/09/2026 22:19
f687b5e6-378b-4af1-876b-ef8e8e4ae0a3,posted.science,available,11.99,11.99,high,low,6,namesilo,,,09/09/2026 00:21
a7a3a68c-44d9-4824-b611-1e6f280492ad,hostelry.science,available,12.98,16.98,medium,low,8,namecheap,,,21/09/2026 02:26
5114dc55-4f6d-483d-bcd0-3ed5c3c00498,licensed.science,premium,640,77.35,high,low,8,namesilo,,,19/09/2026 16:56
5cba73c3-14bd-47c6-880b-786bc007ba69,antipode.science,available,11.99,11.99,medium,low,8,namesilo,,,19/09/2026 14:58
50cd6a65-aedd-48a9-b7ae-faf4f238d0b0,tank.science,available,11.99,11.99,high,low,4,namesilo,,,20/09/2026 07:27
470d0918-b9b2-4dd8-a02d-fe8f8766977e,fatally.science,available,12.98,16.98,medium,low,7,namecheap,,,14/09/2026 17:51
4f7d3cdb-8387-45fd-8c28-fd6cda9496be,techno.science,premium,1250,,high,low,6,name.com,,,
1f177582-3483-46a5-94de-b8155a2389ab,disputed.science,available,11.99,11.99,medium,low,8,namesilo,,,14/08/2026 12:12
237739f9-e171-4473-9dea-d3d7dba4b8f9,strapping.science,available,11.99,11.99,medium,low,9,namesilo,,,09/08/2026 08:02
5fface2e-1a6a-46a8-aa84-9d4f6818c60d,pyogenic.science,available,11.99,11.99,high,medium,8,namesilo,,,09/09/2026 06:54
64874939-be15-4a91-86d0-f3c3a2ee5b92,westlake.science,premium,116,29.5,high,low,8,namesilo,,,
26bbc656-82a3-4883-a5c4-f3266fa90f1f,cfo.science,premium,640,77.35,high,low,3,namesilo,,,24/09/2026 13:41
4fe7d382-16d3-46ad-9dc3-9e1925e4fde1,erupt.science,premium,625,,high,low,5,name.com,,,
3e336a3a-c6b9-4dc2-a7cc-12354df2c31d,remain.science,available,16.98,,high,low,6,namecheap,,,
07092439-ba12-474c-9491-748bc443ea04,microwave.science,premium,125,,high,low,9,name.com,,,
bfefd1ec-214f-49c6-bddc-da6a5ff5f9c4,abnaki.science,available,11.99,11.99,medium,low,6,namesilo,,,
71bebf5c-f833-455e-a45a-fdbd3d72749e,assonance.science,available,11.99,11.99,medium,low,9,namesilo,,,20/09/2026 16:32
41ceb8ce-8b62-4c2d-9f4e-9563a54dfc2c,banneret.science,available,11.99,11.99,medium,low,8,namesilo,,,22/09/2026 02:54
4d489463-0de2-4d52-9b90-85086be95cc4,victuals.science,available,12.98,16.98,medium,low,8,namecheap,,,12/08/2026 18:52
f6d438cd-5e38-4ebd-bfce-405990d917c2,rounded.science,premium,116,29.5,high,low,7,namesilo,,,19/09/2026 15:40
3215f10a-b58b-402e-8f8e-57a66e0aaafa,formicary.science,premium,448,53.92,medium,low,9,namesilo,,,19/09/2026 13:26
64861d54-7432-414d-8438-89d018741891,professor.science,premium,3125,,high,low,9,name.com,,,
e611dfe0-e52e-4b72-a973-829da05af7ba,archdeacon.science,available,11.99,11.99,medium,low,10,namesilo,,,20/09/2026 01:53
af920ce2-abb8-4c35-88cf-57dc5bdbdf78,feb.science,premium,625,,high,low,3,name.com,,,
597c60dc-f065-4b6e-a108-7daf3d544880,bisque.science,available,12.98,16.98,high,low,6,namecheap,,,23/09/2026 22:05
097aed4d-22f7-48a9-8cd6-16c51eea050b,prink.science,premium,448,53.92,medium,low,5,namesilo,,,21/09/2026 02:05
2457a1e2-1447-4c13-a5b9-71b74c9a5845,inundated.science,available,11.99,11.99,medium,low,9,namesilo,,,08/08/2026 00:29
d83db470-850e-4351-a586-976683b96d08,alkahest.science,available,12.98,16.98,high,low,8,namecheap,,,18/09/2026 03:42
5cd017e9-7d38-497d-a6ba-6fc28e75eb22,bedspread.science,available,11.99,11.99,high,low,9,namesilo,,,22/09/2026 22:52
b5ef037e-7f79-47c9-b726-6963e98bdbc7,arcuate.science,premium,437.5,62.5,medium,low,7,name.com,,,06/08/2026 14:49
22767fee-eddc-4497-b68d-c59ed2a5a010,mockery.science,premium,1107,116,high,low,7,namesilo,,,22/08/2026 12:39
254bbc52-a609-4c74-a1b4-380dcefd4761,reddish.science,available,11.99,11.99,high,low,7,namesilo,,,19/09/2026 03:49
258656a6-0b13-40d2-8ca8-c702a9b26a3d,ayin.science,available,11.99,11.99,high,low,4,namesilo,,,21/09/2026 10:38
2aa06c73-8397-4d0d-a28e-d41c348b507d,rosacea.science,available,11.99,11.99,medium,low,7,namesilo,,,17/09/2026 01:59
c57c68ae-de1a-422e-a14c-d2c6d457cd28,lime.science,available,11.99,11.99,high,low,4,namesilo,,,23/09/2026 20:42
77c3b108-0d9b-4bf8-96ed-a33a178ce019,thieves.science,premium,116,29.5,medium,low,7,namesilo,,,16/09/2026 11:41
de89a28d-aa12-4997-8b59-9d81013334e4,preceding.science,available,11.99,11.99,medium,low,9,namesilo,,,
89bb084f-bb64-470d-b0c7-9b93f376f091,hysteric.science,premium,437.5,62.5,medium,low,8,name.com,,,21/08/2026 17:20
5ba18729-1434-4f7c-8f64-b1063253205d,widely.science,available,11.99,11.99,high,low,6,namesilo,,,
7cd04979-f226-46da-ada8-d09a0e05ab81,bullheaded.science,premium,437.5,62.5,medium,low,10,name.com,,,11/08/2026 08:30
e39dfd00-e178-4b4c-a325-08ee7acd90d5,periodical.science,available,11.99,11.99,high,low,10,namesilo,,,08/09/2026 17:13
92070610-8a4e-456e-b16e-29dfa6abd595,gregg.science,available,11.99,11.99,high,low,5,namesilo,,,
11132e1f-3ebc-4ee9-bc84-a984fc2c465e,alidade.science,available,34.99,37.99,medium,low,7,name.com,,,18/09/2026 07:31
3f193e08-daf6-481e-8118-d89a8e2e11b7,bellingham.science,premium,455,65,high,low,10,namecheap,,,23/09/2026 06:12
eb93e3a9-5ea4-4b01-8b98-ff0feb94bf4c,aras.science,available,11.99,11.99,medium,low,4,namesilo,,,20/09/2026 00:22
6645d5d1-0238-4798-b33e-8354af2e3195,inflowing.science,available,11.99,11.99,high,low,9,namesilo,,,22/08/2026 04:34
1c8aee35-fafb-4aa9-afd4-81c8c0616086,unacceptable.science,premium,625,,medium,low,12,name.com,,,
add2f105-079e-4ac9-818c-258ac30208d4,spine.science,premium,1107,116,high,low,5,namesilo,,,
fe464131-ae8e-435d-bfbc-c257231e0ebe,odorous.science,available,11.99,11.99,medium,low,7,namesilo,,,04/09/2026 00:54
fb2ea1fe-a03d-4876-a7c9-a1cf43354f46,dietetic.science,premium,437.5,62.5,medium,low,8,name.com,,,14/08/2026 06:56
15c20d07-2a86-4862-bb6a-577e6205d940,legalize.science,available,11.99,11.99,high,low,8,namesilo,,,22/08/2026 23:05
b360dab6-9401-41da-be5b-28f0fe2f3dc5,matches.science,premium,448,53.92,high,low,7,namesilo,,,18/09/2026 17:25
cdcb4254-d0bd-48b2-accb-75cc1379c993,bulk.science,available,11.99,11.99,high,low,4,namesilo,,,
4ac955ce-657f-4071-a10c-1a070ca2e3b8,extempore.science,available,12.98,16.98,high,low,9,namecheap,,,
763eed04-b317-47cf-8d42-984cbf2b53f9,moron.science,premium,625,81.25,medium,low,5,name.com,,,21/08/2026 20:28
1106fdb0-69da-4b33-b9a3-570a6227d4d1,ten.science,premium,640,77.35,high,low,3,namesilo,,,21/09/2026 10:51
7ae7a620-c62d-46cb-bce5-318b0838d1e4,ironclad.science,premium,1107,116,high,low,8,namesilo,,,11/08/2026 02:30
1bebb5e1-d3ba-4983-bdcd-5e2d3c60de40,backwash.science,premium,640,77.35,medium,low,8,namesilo,,,17/09/2026 15:44
d9bc9262-ca20-4ac6-be86-5e7f34e37c41,fewer.science,available,11.99,11.99,medium,low,5,namesilo,,,24/09/2026 17:41
7f2215af-b01c-4b51-ba1d-83b840e8815c,sid.science,premium,640,77.35,high,low,3,namesilo,,,25/09/2026 12:52
fbf66ba2-1d9d-42d7-b453-cba2a12143d1,saltlike.science,available,12.98,16.98,high,medium,8,namecheap,,,09/09/2026 20:58
e21d3b38-6e81-4e13-9da1-ffef3118643a,abstinence.science,premium,130,32.5,high,low,10,namecheap,,,16/09/2026 18:24
5d11c8a1-a21c-4000-890d-305254460823,tunic.science,available,12.98,16.98,high,low,5,namecheap,,,17/09/2026 10:34
7b1298ae-7413-42c4-9b93-74f035d7185d,chapstick.science,premium,437.5,,high,low,9,name.com,,,
29c0ad11-11b8-4f3b-829f-63448db6d421,aggregator.science,premium,130,32.5,high,low,10,namecheap,,,17/09/2026 17:29
458dd739-ab2d-44c6-80c8-998f756f48db,biochemist.science,available,12.98,16.98,high,low,10,namecheap,,,23/09/2026 17:44
8064797d-5897-49ba-beb6-e6f575d9590c,cabbage.science,available,16.98,,high,low,7,namecheap,,,
b8a8a5e3-3990-4d99-acfb-1132d507dc63,saddam.science,available,11.99,11.99,medium,low,6,namesilo,,,25/09/2026 23:11
f3118f19-a308-46ce-a2b2-0fd78e536085,occluded.science,available,11.99,11.99,medium,low,8,namesilo,,,04/09/2026 00:12
d2c1f4a0-65e3-4354-9ef9-6751b618274e,reminded.science,available,12.98,16.98,medium,low,8,namecheap,,,18/09/2026 03:00
4c6b7527-d46d-4e36-a0aa-11785cce7454,tattle.science,premium,448,53.92,medium,low,6,namesilo,,,23/09/2026 23:36
2a96240b-bfd4-43c6-9b61-74cbe085a47f,granitic.science,available,11.99,11.99,medium,low,8,namesilo,,,18/08/2026 08:22
c8848378-b536-4594-b643-4ba489fbdd1f,idiopathic.science,available,12.98,16.98,medium,low,10,namecheap,,,21/08/2026 18:09
d774361c-dc41-4031-baa7-8579bf780525,raisable.science,available,11.99,11.99,high,medium,8,namesilo,,,09/09/2026 09:51
772f1adf-e90d-4c59-b1c8-f9fb05c74dcd,toughie.science,available,11.99,11.99,high,medium,7,namesilo,,,09/09/2026 06:05
70560036-5877-4c9f-9163-b3ad2b461470,plodding.science,available,12.98,16.98,medium,low,8,namecheap,,,08/09/2026 21:17
5b5c6360-5297-42fe-a392-d4d6be4ebe9f,midst.science,available,11.99,11.99,medium,low,5,namesilo,,,11/09/2026 13:11
415e60be-7108-4521-87c5-1e78752dc916,yea.science,premium,640,77.35,high,low,3,namesilo,,,16/09/2026 11:48
3fde72c9-5c97-4f59-b789-501d0989ffdb,megascopic.science,available,12.98,16.98,medium,low,10,namecheap,,,24/08/2026 19:26
d922e79e-5004-4c04-ab8f-a6930c6a3381,congested.science,available,11.99,11.99,high,low,9,namesilo,,,12/08/2026 21:46
671ed73f-f3c8-4e5e-b5a7-41c6b031ba9d,donnish.science,available,11.99,11.99,medium,low,7,namesilo,,,14/08/2026 15:53
e04f8544-e446-40ca-bdbc-0b5052014a38,gaslighter.science,available,11.99,11.99,medium,low,11,namesilo,,,
887f2071-6b68-443f-8a60-1acd8b18b449,inside.science,premium,650,84.5,high,low,6,namecheap,,,25/09/2026 09:46
bd98fb2a-a45b-4912-880e-76c7b36ee843,shortish.science,available,11.99,11.99,high,medium,8,namesilo,,,10/09/2026 06:50
156fa2d6-6aee-4f2c-b1b7-e077557d78af,underway.science,premium,1107,116,high,low,8,namesilo,,,12/09/2026 07:42
1bf48c4a-b4ef-4704-99fb-41de7a120465,opts.science,available,11.99,11.99,medium,low,4,namesilo,,,18/09/2026 13:57
eb61b9e1-e890-4a08-b7e2-71367264ef35,stimulated.science,available,11.99,11.99,high,low,10,namesilo,,,10/09/2026 20:42
1bf69c88-1a74-428c-b50d-c7afaa7ac3d3,cheerful.science,premium,116,29.5,high,low,8,namesilo,,,12/08/2026 03:41
c8271d38-afce-4b5a-b82b-2dc273ef3205,polyatomic.science,premium,116,29.5,high,low,10,namesilo,,,08/09/2026 23:10
8cf0fa53-f012-4b02-bbf7-0cf8b14f94e7,thence.science,available,11.99,11.99,medium,low,6,namesilo,,,15/09/2026 00:13
4c94d67d-ee5e-431f-8d62-bf71a9350241,mistaken.science,available,11.99,11.99,medium,low,8,namesilo,,,25/08/2026 01:52
8e1ec5ca-d13e-4307-a132-be356e686149,ingredients.science,premium,3125,,medium,low,11,name.com,,,
346a06aa-1269-444b-839c-06af7aa9997e,sadistic.science,premium,130,32.5,high,medium,8,namecheap,,,09/09/2026 20:44
82fbae57-46e4-4374-aefd-391f60f6f074,arachis.science,available,11.99,11.99,medium,low,7,namesilo,,,19/09/2026 23:37
bd18c170-a515-4356-a2ab-2c83446bdb17,freaky.science,premium,6250,125,high,low,6,name.com,,,10/08/2026 10:01
0504ae8a-3192-4eea-ae96-bda4bee1cf4c,clinically.science,premium,3125,,high,low,10,name.com,,,
e857ba61-4588-446b-9aad-4f1ef96c8a12,rime.science,available,11.99,11.99,high,low,4,namesilo,,,21/08/2026 10:08
dc4095e1-c5fe-4cd9-b07f-699cf30d2fd4,adolescent.science,premium,1300,130,high,low,10,namecheap,,,21/09/2026 19:03
dfaf6e78-4859-48d5-acd0-5c34318d9aab,aton.science,available,12.98,16.98,medium,low,4,namecheap,,,20/09/2026 20:06
7685dc30-10f6-485f-809c-425dc0a69cfb,ostensible.science,available,11.99,11.99,medium,low,10,namesilo,,,04/09/2026 18:29
3bb9d995-0c3b-4a65-95fd-e807a37eeac4,godfrey.science,available,12.98,16.98,high,low,7,namecheap,,,25/09/2026 18:26
cca2225e-f1c0-4e13-941e-223b9e00f4a7,migratory.science,available,11.99,11.99,medium,low,9,namesilo,,,24/08/2026 22:49
102a23d1-d05f-47fb-acc5-2bee039f0ec5,earthman.science,available,11.99,11.99,medium,low,8,namesilo,,,11/09/2026 10:45
fd5d31a3-afd2-4348-9582-a652600c6076,karl.science,available,11.99,11.99,high,low,4,namesilo,,,25/09/2026 13:41
e049ce15-7a40-48e9-bfd2-56a97fdbc16d,lollygag.science,available,11.99,11.99,medium,low,8,namesilo,,,11/09/2026 08:29
4de5feb5-fa75-4c68-ace1-fd006b11b2f9,reebok.science,available,11.99,11.99,high,low,6,namesilo,,,
fe56a027-502d-42fb-bf5a-1cfddf4de789,prattle.science,available,11.99,11.99,medium,low,7,namesilo,,,23/09/2026 23:32
153b8224-33b5-4c2a-bcee-45067fb31f92,guerilla.science,premium,116,29.5,high,low,8,namesilo,,,22/08/2026 10:15
ae216142-7b5f-4357-831d-2aa8005982fd,towering.science,premium,130,32.5,high,low,8,namecheap,,,11/09/2026 18:24
39cb8628-7c24-4b46-ab7b-e4c9411e9253,sir.science,premium,640,77.35,high,low,3,namesilo,,,26/09/2026 00:18
36295ad2-7094-4d40-8bfb-8974c4d85984,neuronic.science,available,11.99,11.99,medium,low,8,namesilo,,,03/09/2026 16:21
e6abec33-8cdd-4c19-85e4-981d9785f19d,hugely.science,available,11.99,11.99,medium,low,6,namesilo,,,14/09/2026 15:49
3b7da5b9-f3fc-45f6-a23c-bd70553e5e0c,vents.science,premium,116,29.5,medium,low,5,namesilo,,,21/09/2026 06:42
9fe6082c-8385-441f-9231-26beb33b2b02,thresher.science,premium,455,65,medium,low,8,namecheap,,,18/09/2026 13:23
bb3a2195-aecb-49a4-a847-98eafed2c942,beak.science,available,11.99,11.99,high,low,4,namesilo,,,22/09/2026 19:41
82b102da-2ae2-4fd0-b367-34c02bff3e5a,throne.science,available,11.99,11.99,high,medium,6,namesilo,,,09/09/2026 00:54
e8032776-a5bc-4766-988e-815c7b8e5b55,vehicles.science,premium,1300,130,medium,low,8,namecheap,,,16/09/2026 11:23
080abcb7-3463-4d02-9785-92ab53092204,normality.science,premium,116,29.5,high,low,9,namesilo,,,
a0e4a489-14d4-4035-a423-acd6de76563b,shift.science,premium,1107,116,high,medium,5,namesilo,,,
5a244231-f3f6-480d-a23e-6e3d93343a32,loverly.science,premium,437.5,62.5,medium,low,7,name.com,,,24/08/2026 10:16
6643630f-900b-4f5f-addf-d6dfb4f5150c,dystopian.science,available,11.99,11.99,medium,low,9,namesilo,,,14/08/2026 22:10
6bae32fc-5032-4388-ac77-f5c017abc26b,patently.science,available,12.98,16.98,medium,low,8,namecheap,,,08/09/2026 20:24
0a75b5ed-aede-4a56-bddc-c6fdacbaf06f,rollercoaster.science,available,16.98,,medium,low,14,namecheap,,,
ffc69c82-cbbb-479a-a7bb-6a5c25e7e56d,lxxxvi.science,available,12.98,16.98,medium,low,6,namecheap,,,
d1f8699a-542d-4732-8a1e-f799515401a3,bucket.science,premium,116,29.5,high,low,6,namesilo,,,
d4efec71-dad5-47c7-b65b-294a715d376d,alienable.science,available,11.99,11.99,medium,low,9,namesilo,,,
5b47c264-a7bf-4fd9-bfee-a7331b3ee4ea,suomi.science,premium,437.5,62.5,high,low,5,name.com,,,18/08/2026 05:05
f9406345-5ea8-4a9d-aee3-6933e997dfaf,pending.science,premium,1107,116,high,low,7,namesilo,,,
9ea3d557-6f5d-49d7-85d2-b81e5a78aa8a,communicate.science,premium,3125,,high,low,11,name.com,,,
9a3ff333-6535-4afa-8db5-76764ec67d60,pancreatic.science,available,11.99,11.99,high,low,10,namesilo,,,05/09/2026 00:36
5caf1567-1874-4034-88d4-f72151488879,charcoal.science,premium,1107,116,high,low,8,namesilo,,,12/08/2026 02:24
69eeb7ac-d02c-4a0f-8da0-ada463ea5394,perishable.science,available,11.99,11.99,high,low,10,namesilo,,,08/09/2026 17:18
98571169-8ac2-4108-9c4f-6229be41e639,realised.science,premium,116,29.5,high,low,8,namesilo,,,23/09/2026 17:33
6501e24f-03bd-417a-8800-f669f290b9f9,volitional.science,available,11.99,11.99,high,low,10,namesilo,,,13/09/2026 06:50
c05de638-49af-4cc4-92db-9e79917dcdc5,unobvious.science,available,11.99,11.99,medium,low,9,namesilo,,,12/09/2026 16:07
a85521c9-0b40-4f5f-8d95-5ca8a07f79e6,finance.science,premium,640,77.35,high,medium,7,namesilo,,,23/09/2026 09:19
c23db35b-1fe8-4198-a0a8-e1042ef42069,unsealed.science,available,12.98,16.98,medium,low,8,namecheap,,,12/09/2026 19:07
03fb5fa6-d44e-457f-9df3-2eb22a907141,blewit.science,available,12.98,16.98,low,low,7,namecheap,,,17/09/2026 21:32
82c71689-8adf-42f3-88ca-f681a0e4138a,characteristics.science,premium,116,29.5,medium,low,15,namesilo,,,
fe9912de-7842-4671-98a4-62181f91ecb2,amuse.science,premium,625,,high,low,5,name.com,,,
f946c6fa-b09a-4fec-8927-bf440fa45275,rubinstein.science,premium,448,53.92,medium,low,10,namesilo,,,19/09/2026 15:30
e59c2b12-51db-4251-835b-16f86b187d2b,dame.science,available,12.98,16.98,high,low,4,namecheap,,,24/09/2026 20:56